Account,trade_date,sentiment,daily_pnl,trades,win_rate,avg_leverage,avg_size_tokens
0x083384f897ee0f19899168e3b1bec365f52a9012,2024-11-11,Extreme Greed,0.0,5,0.0,8330.474,2.60054
0x083384f897ee0f19899168e3b1bec365f52a9012,2024-11-17,Extreme Greed,0.0,1,0.0,2433.6,10.4
0x083384f897ee0f19899168e3b1bec365f52a9012,2024-11-18,Extreme Greed,0.0,3,0.0,3534.226666666667,1.1168
0x083384f897ee0f19899168e3b1bec365f52a9012,2024-11-26,Extreme Greed,0.0,1,0.0,10145.14,43.45
0x083384f897ee0f19899168e3b1bec365f52a9012,2024-11-28,Extreme Greed,-2285.253386,3,0.0,13146.913333333332,36.761266666666664
0x083384f897ee0f19899168e3b1bec365f52a9012,2024-11-30,Extreme Greed,0.0,2,0.0,5664.025,1.52135
0x083384f897ee0f19899168e3b1bec365f52a9012,2024-12-06,Greed,-81.834726,2,0.0,282.46500000000003,0.0699
0x083384f897ee0f19899168e3b1bec365f52a9012,2025-01-19,Extreme Greed,-29.84474,12,0.0,31596.243333333332,96.17436666666667
0x083384f897ee0f19899168e3b1bec365f52a9012,2025-01-20,Extreme Greed,4960.159938,1,1.0,28859.22,123.33
0x083384f897ee0f19899168e3b1bec365f52a9012,2025-02-03,Fear,3020.430585,28,0.2857142857142857,29877.563214285714,11.993542857142858
0x083384f897ee0f19899168e3b1bec365f52a9012,2025-02-04,Greed,-187.3442279999997,18,0.1111111111111111,14205.971111111112,16.908633333333334
0x083384f897ee0f19899168e3b1bec365f52a9012,2025-02-05,Neutral,0.0,3,0.0,48245.77666666667,17.3279
0x083384f897ee0f19899168e3b1bec365f52a9012,2025-02-09,Neutral,405.206492,4,1.0,4060.98,1.5165250000000001
0x083384f897ee0f19899168e3b1bec365f52a9012,2025-02-24,Neutral,1421.692302,2,0.5,57501.215000000004,21.556150000000002
0x083384f897ee0f19899168e3b1bec365f52a9012,2025-02-25,Fear,50005.76285,4,0.75,204424.4125,80.47902500000001
0x083384f897ee0f19899168e3b1bec365f52a9012,2025-02-28,Extreme Fear,0.0,3,0.0,1812.51,0.7908666666666666
0x083384f897ee0f19899168e3b1bec365f52a9012,2025-03-03,Fear,12003.397339,17,0.7647058823529411,6388.271764705882,18.80685294117647
0x083384f897ee0f19899168e3b1bec365f52a9012,2025-04-12,Fear,79997.271889,4,1.0,43281.17999999999,27.565875
0x23e7a7f8d14b550961925fbfdaa92f5d195ba5bd,2024-11-30,Extreme Greed,270.234905,1,1.0,2795.36,400.0
0x23e7a7f8d14b550961925fbfdaa92f5d195ba5bd,2024-12-06,Greed,0.0,1,0.0,1386.55,107.61
0x23e7a7f8d14b550961925fbfdaa92f5d195ba5bd,2024-12-18,Extreme Greed,0.0,1,0.0,1008.04,40.0
0x23e7a7f8d14b550961925fbfdaa92f5d195ba5bd,2025-01-18,Extreme Greed,2.161726,1,1.0,70.04,347.0
0x23e7a7f8d14b550961925fbfdaa92f5d195ba5bd,2025-01-19,Extreme Greed,6.452022,1,1.0,103.36,5.0
0x23e7a7f8d14b550961925fbfdaa92f5d195ba5bd,2025-01-24,Extreme Greed,10.948903,4,1.0,873.9200000000001,39.7425
0x23e7a7f8d14b550961925fbfdaa92f5d195ba5bd,2025-02-02,Greed,1.952585,3,0.3333333333333333,957.3233333333333,39.99333333333333
0x23e7a7f8d14b550961925fbfdaa92f5d195ba5bd,2025-02-12,Neutral,3.5,1,1.0,2606.8,1.0
0x23e7a7f8d14b550961925fbfdaa92f5d195ba5bd,2025-02-24,Neutral,24.294385,2,0.5,1153.63,52.615
0x23e7a7f8d14b550961925fbfdaa92f5d195ba5bd,2025-03-04,Extreme Fear,0.0,1,0.0,81.4,4.96
0x23e7a7f8d14b550961925fbfdaa92f5d195ba5bd,2025-03-08,Fear,63.232163,2,1.0,872.1999999999999,54.65
0x23e7a7f8d14b550961925fbfdaa92f5d195ba5bd,2025-03-09,Fear,19.021414,1,1.0,1964.0,129.62
0x23e7a7f8d14b550961925fbfdaa92f5d195ba5bd,2025-03-31,Fear,0.0,1,0.0,222.12,18.0
0x23e7a7f8d14b550961925fbfdaa92f5d195ba5bd,2025-04-16,Fear,-0.085825,2,0.0,43.075,2.86
0x23e7a7f8d14b550961925fbfdaa92f5d195ba5bd,2025-04-17,Fear,-4.342448,1,0.0,842.27,224.3
0x23e7a7f8d14b550961925fbfdaa92f5d195ba5bd,2025-04-18,Fear,2.782248,4,0.5,565.6725,33.2525
0x23e7a7f8d14b550961925fbfdaa92f5d195ba5bd,2025-04-19,Fear,2.540352,1,1.0,568.84,31.44
0x23e7a7f8d14b550961925fbfdaa92f5d195ba5bd,2025-04-20,Fear,7.747866,5,0.6,293.862,16.304
0x23e7a7f8d14b550961925fbfdaa92f5d195ba5bd,2025-04-23,Greed,9.07851,4,0.25,766.125,3.7015
0x23e7a7f8d14b550961925fbfdaa92f5d195ba5bd,2025-04-24,Greed,-20.058984000000002,4,0.0,355.78499999999997,312.8
0x23e7a7f8d14b550961925fbfdaa92f5d195ba5bd,2025-04-25,Greed,2.675694,4,0.25,716.635,1.9842499999999998
0x23e7a7f8d14b550961925fbfdaa92f5d195ba5bd,2025-04-26,Greed,-4.554635,1,0.0,91.21,5.02
0x271b280974205ca63b716753467d5a371de622ab,2025-04-10,Fear,0.527472,1,1.0,2945.43,0.03564
0x271b280974205ca63b716753467d5a371de622ab,2025-04-19,Fear,0.0,1,0.0,4254.78,234.41
0x271b280974205ca63b716753467d5a371de622ab,2025-04-20,Fear,0.0,1,0.0,704.91,5.09
0x271b280974205ca63b716753467d5a371de622ab,2025-04-21,Fear,0.0,1,0.0,1707.9,0.508
0x271b280974205ca63b716753467d5a371de622ab,2025-04-23,Greed,0.0,1,0.0,833.17,0.009
0x271b280974205ca63b716753467d5a371de622ab,2025-04-24,Greed,17.144384,1,1.0,1815.85,12.16
0x28736f43f1e871e6aa8b1148d38d4994275d72c4,2024-11-20,Extreme Greed,-0.41383,5,0.0,2098.748,9.364946
0x28736f43f1e871e6aa8b1148d38d4994275d72c4,2024-11-21,Extreme Greed,14.563856,1,1.0,500.25,24436.0
0x28736f43f1e871e6aa8b1148d38d4994275d72c4,2024-11-22,Extreme Greed,2.6006990000000005,8,0.125,331.83,12780.25
0x28736f43f1e871e6aa8b1148d38d4994275d72c4,2024-11-25,Extreme Greed,0.544824,3,0.3333333333333333,491.1433333333334,918.5333333333333
0x28736f43f1e871e6aa8b1148d38d4994275d72c4,2024-11-26,Extreme Greed,6.605586,3,0.6666666666666666,81.06,103.03333333333335
0x28736f43f1e871e6aa8b1148d38d4994275d72c4,2024-11-28,Extreme Greed,-4.963176,2,0.5,876.8599999999999,3.6849999999999996
0x28736f43f1e871e6aa8b1148d38d4994275d72c4,2024-11-30,Extreme Greed,73.854541,1,1.0,76.52,12.98
0x28736f43f1e871e6aa8b1148d38d4994275d72c4,2024-12-04,Extreme Greed,15.964428,1,1.0,99.97,347.0
0x28736f43f1e871e6aa8b1148d38d4994275d72c4,2024-12-07,Extreme Greed,81.623764,1,1.0,99.88,6.89
0x28736f43f1e871e6aa8b1148d38d4994275d72c4,2024-12-09,Extreme Greed,3.796105,3,0.6666666666666666,55.72,2.76
0x28736f43f1e871e6aa8b1148d38d4994275d72c4,2024-12-10,Extreme Greed,32.407269,1,1.0,49.86,3.57
0x28736f43f1e871e6aa8b1148d38d4994275d72c4,2024-12-11,Greed,0.0,1,0.0,47.64,2.0
0x28736f43f1e871e6aa8b1148d38d4994275d72c4,2024-12-12,Extreme Greed,2.202929,1,1.0,100.98,404.0
0x28736f43f1e871e6aa8b1148d38d4994275d72c4,2024-12-18,Extreme Greed,13.03723,2,0.5,81.645,25.09
0x28736f43f1e871e6aa8b1148d38d4994275d72c4,2024-12-20,Greed,108.080627,1,1.0,268.24,10.0
0x28736f43f1e871e6aa8b1148d38d4994275d72c4,2024-12-21,Greed,36.810117,2,1.0,98.865,173.875
0x28736f43f1e871e6aa8b1148d38d4994275d72c4,2024-12-23,Greed,0.0,1,0.0,48.14,150.0
0x28736f43f1e871e6aa8b1148d38d4994275d72c4,2024-12-25,Greed,19.672695,1,1.0,179.95,6.65
0x28736f43f1e871e6aa8b1148d38d4994275d72c4,2024-12-27,Greed,1.528005,1,1.0,150.01,4429.0
0x28736f43f1e871e6aa8b1148d38d4994275d72c4,2024-12-30,Greed,6.737704,1,1.0,499.71,144.4
0x28736f43f1e871e6aa8b1148d38d4994275d72c4,2025-01-16,Extreme Greed,0.0,1,0.0,89.79,377.0
0x28736f43f1e871e6aa8b1148d38d4994275d72c4,2025-01-17,Extreme Greed,19.26106,1,1.0,344.83,665.0
0x28736f43f1e871e6aa8b1148d38d4994275d72c4,2025-01-18,Extreme Greed,1.9902,1,1.0,27.86,20.0
0x28736f43f1e871e6aa8b1148d38d4994275d72c4,2025-01-19,Extreme Greed,2.285885,2,0.5,71.95,17.675
0x28736f43f1e871e6aa8b1148d38d4994275d72c4,2025-01-22,Extreme Greed,0.0,1,0.0,24.87,14.1
0x28736f43f1e871e6aa8b1148d38d4994275d72c4,2025-01-27,Greed,0.0,1,0.0,64.46,90.0
0x28736f43f1e871e6aa8b1148d38d4994275d72c4,2025-01-28,Greed,0.670605,1,1.0,17.78,5.0
0x28736f43f1e871e6aa8b1148d38d4994275d72c4,2025-01-30,Greed,237.05144,1,1.0,1322.55,50.0
0x28736f43f1e871e6aa8b1148d38d4994275d72c4,2025-01-31,Extreme Greed,1.481415,1,1.0,49.96,0.39
0x28736f43f1e871e6aa8b1148d38d4994275d72c4,2025-02-04,Greed,0.0,1,0.0,635.08,224.0
0x28736f43f1e871e6aa8b1148d38d4994275d72c4,2025-02-15,Neutral,0.0,1,0.0,1220.49,0.0125
0x28736f43f1e871e6aa8b1148d38d4994275d72c4,2025-02-21,Greed,2.946195,3,0.6666666666666666,49.98666666666667,5.296666666666666
0x28736f43f1e871e6aa8b1148d38d4994275d72c4,2025-03-04,Extreme Fear,0.0,1,0.0,348.81,22.0
0x28736f43f1e871e6aa8b1148d38d4994275d72c4,2025-03-09,Fear,0.0,1,0.0,8442.4,4.0
0x28736f43f1e871e6aa8b1148d38d4994275d72c4,2025-03-19,Fear,1.0478,1,1.0,528.84,0.26
0x28736f43f1e871e6aa8b1148d38d4994275d72c4,2025-03-24,Neutral,0.0,1,0.0,2045.22,0.9775
0x28736f43f1e871e6aa8b1148d38d4994275d72c4,2025-03-28,Fear,0.0,1,0.0,102.12,0.0532
0x28736f43f1e871e6aa8b1148d38d4994275d72c4,2025-04-07,Extreme Fear,-800.78551,1,0.0,3327.9,2.1182
0x28736f43f1e871e6aa8b1148d38d4994275d72c4,2025-04-08,Extreme Fear,0.0,1,0.0,167.17,15.0
0x28736f43f1e871e6aa8b1148d38d4994275d72c4,2025-04-09,Extreme Fear,0.0,1,0.0,500.31,37.0
0x28736f43f1e871e6aa8b1148d38d4994275d72c4,2025-04-17,Fear,-0.7,1,0.0,371.05,22.75
0x2c229d22b100a7beb69122eed721cee9b24011dd,2024-11-20,Extreme Greed,0.0,1,0.0,1383.06,24877.0
0x2c229d22b100a7beb69122eed721cee9b24011dd,2024-12-05,Extreme Greed,236.64235,1,1.0,1887.28,185.5
0x2c229d22b100a7beb69122eed721cee9b24011dd,2024-12-23,Greed,-18.68295,1,0.0,12499.73,18.59
0x2c229d22b100a7beb69122eed721cee9b24011dd,2025-01-20,Extreme Greed,-6.77655,1,0.0,1159.29,82.5
0x2c229d22b100a7beb69122eed721cee9b24011dd,2025-01-21,Extreme Greed,10.06786,1,1.0,225.5,5.5
0x2c229d22b100a7beb69122eed721cee9b24011dd,2025-01-31,Extreme Greed,112.550336,1,1.0,1568.28,639.2
0x2c229d22b100a7beb69122eed721cee9b24011dd,2025-02-06,Neutral,0.445235,1,1.0,99.26,35.0
0x2c229d22b100a7beb69122eed721cee9b24011dd,2025-02-15,Neutral,9.856236,1,1.0,2299.96,10452.0
0x3998f134d6aaa2b6a5f723806d00fd2bbbbce891,2025-03-10,Extreme Fear,-120.81886,1,0.0,680.34,46.92
0x3998f134d6aaa2b6a5f723806d00fd2bbbbce891,2025-04-09,Extreme Fear,0.0,1,0.0,1119.82,146.8
0x39cef799f8b69da1995852eea189df24eb5cae3c,2025-03-04,Extreme Fear,0.0,2,0.0,1428.905,89.305
0x39cef799f8b69da1995852eea189df24eb5cae3c,2025-03-17,Fear,0.0,1,0.0,17.17,23.5
0x39cef799f8b69da1995852eea189df24eb5cae3c,2025-03-18,Fear,1.965298,1,1.0,1492.74,2208.2
0x39cef799f8b69da1995852eea189df24eb5cae3c,2025-03-27,Fear,32.120686,2,1.0,260.305,394.7
0x39cef799f8b69da1995852eea189df24eb5cae3c,2025-04-03,Fear,0.0,1,0.0,4424.25,2.5
0x39cef799f8b69da1995852eea189df24eb5cae3c,2025-04-07,Extreme Fear,-11.8502,1,0.0,719.35,386.0
0x39cef799f8b69da1995852eea189df24eb5cae3c,2025-04-09,Extreme Fear,-17.481558,1,0.0,525.88,267.0
0x39cef799f8b69da1995852eea189df24eb5cae3c,2025-04-10,Fear,-39.066783,1,0.0,6321.59,0.07707
0x39cef799f8b69da1995852eea189df24eb5cae3c,2025-04-13,Neutral,0.0,1,0.0,15.31,0.00018
0x420ab45e0bd8863569a5efbb9c05d91f40624641,2025-03-11,Extreme Fear,0.0,1,0.0,569.52,0.007
0x420ab45e0bd8863569a5efbb9c05d91f40624641,2025-03-15,Neutral,2732.447817,1,1.0,2000.04,108.11
0x420ab45e0bd8863569a5efbb9c05d91f40624641,2025-03-19,Fear,0.0,1,0.0,18729.34,0.22093
0x430f09841d65beb3f27765503d0f850b8bce7713,2024-07-23,Greed,174.063924,2,1.0,242.61499999999998,46.300000000000004
0x430f09841d65beb3f27765503d0f850b8bce7713,2024-09-21,Neutral,3263.407638,2,1.0,7508.295,1748.85
0x430f09841d65beb3f27765503d0f850b8bce7713,2025-02-07,Fear,212.454832,3,0.3333333333333333,1322.4499999999998,176.9
0x430f09841d65beb3f27765503d0f850b8bce7713,2025-02-12,Neutral,0.0,1,0.0,2106.75,1876.0
0x430f09841d65beb3f27765503d0f850b8bce7713,2025-02-21,Greed,881.4011760000001,5,1.0,829.396,92.74000000000001
0x430f09841d65beb3f27765503d0f850b8bce7713,2025-04-09,Extreme Fear,0.0,2,0.0,58353.155,5175.905
0x430f09841d65beb3f27765503d0f850b8bce7713,2025-04-16,Fear,0.0,3,0.0,1688.9433333333334,791.3333333333334
0x430f09841d65beb3f27765503d0f850b8bce7713,2025-04-18,Fear,0.0,1,0.0,585.63,300.0
0x430f09841d65beb3f27765503d0f850b8bce7713,2025-04-26,Greed,0.0,3,0.0,1484.0566666666666,603.6666666666666
0x430f09841d65beb3f27765503d0f850b8bce7713,2025-04-29,Greed,0.0,2,0.0,607.7850000000001,191.0
0x47add9a56df66b524d5e2c1993a43cde53b6ed85,2024-12-05,Extreme Greed,0.0,2,0.0,258.565,7.105
0x47add9a56df66b524d5e2c1993a43cde53b6ed85,2024-12-07,Extreme Greed,0.0,2,0.0,434.31,3836.65
0x47add9a56df66b524d5e2c1993a43cde53b6ed85,2024-12-11,Greed,71.619276,1,1.0,260.58,25068.0
0x47add9a56df66b524d5e2c1993a43cde53b6ed85,2024-12-15,Extreme Greed,0.0,1,0.0,392.61,15.62
0x47add9a56df66b524d5e2c1993a43cde53b6ed85,2024-12-16,Extreme Greed,3.2706,2,0.5,485.395,227.3
0x47add9a56df66b524d5e2c1993a43cde53b6ed85,2024-12-17,Extreme Greed,0.0,2,0.0,243.71999999999997,82.7
0x47add9a56df66b524d5e2c1993a43cde53b6ed85,2024-12-18,Extreme Greed,10.356936,1,1.0,452.69,158.8
0x47add9a56df66b524d5e2c1993a43cde53b6ed85,2024-12-21,Greed,0.0,1,0.0,93.43,33.5
0x47add9a56df66b524d5e2c1993a43cde53b6ed85,2024-12-23,Greed,-3.30172,1,0.0,245.12,78.8
0x47add9a56df66b524d5e2c1993a43cde53b6ed85,2024-12-25,Greed,0.0,1,0.0,25.41,7.7
0x47add9a56df66b524d5e2c1993a43cde53b6ed85,2025-01-10,Neutral,0.0,1,0.0,1154.11,54.25
0x47add9a56df66b524d5e2c1993a43cde53b6ed85,2025-01-14,Greed,16.895968,2,0.5,434.825,235.8
0x47add9a56df66b524d5e2c1993a43cde53b6ed85,2025-01-16,Extreme Greed,14.609,2,0.5,318.41,602.75
0x47add9a56df66b524d5e2c1993a43cde53b6ed85,2025-01-24,Extreme Greed,69.749721,1,1.0,997.27,44.91
0x47add9a56df66b524d5e2c1993a43cde53b6ed85,2025-01-27,Greed,0.0,1,0.0,99.4,0.33
0x47add9a56df66b524d5e2c1993a43cde53b6ed85,2025-02-02,Greed,4.051645,3,0.3333333333333333,301.7166666666667,115.66666666666667
0x47add9a56df66b524d5e2c1993a43cde53b6ed85,2025-02-09,Neutral,-3.686976,1,0.0,410.08,133.2
0x47add9a56df66b524d5e2c1993a43cde53b6ed85,2025-02-13,Neutral,0.0,1,0.0,426.28,144.5
0x47add9a56df66b524d5e2c1993a43cde53b6ed85,2025-03-02,Fear,0.0,1,0.0,14.7,8.4
0x47add9a56df66b524d5e2c1993a43cde53b6ed85,2025-03-05,Extreme Fear,0.0,1,0.0,579.36,33.98
0x47add9a56df66b524d5e2c1993a43cde53b6ed85,2025-03-08,Fear,0.0,1,0.0,750.0,300.0
0x47add9a56df66b524d5e2c1993a43cde53b6ed85,2025-04-12,Fear,0.0,1,0.0,749.86,47.61
0x47add9a56df66b524d5e2c1993a43cde53b6ed85,2025-04-17,Fear,32.177772,1,1.0,358.85,2.67
0x4acb90e786d897ecffb614dc822eb231b4ffb9f4,2025-01-12,Greed,7.161037,1,1.0,2500.01,4237.3
0x4acb90e786d897ecffb614dc822eb231b4ffb9f4,2025-03-10,Extreme Fear,0.0,1,0.0,5115.68,357.94
0x4acb90e786d897ecffb614dc822eb231b4ffb9f4,2025-03-11,Extreme Fear,0.0,1,0.0,133.79,10.0
0x4acb90e786d897ecffb614dc822eb231b4ffb9f4,2025-03-21,Fear,0.0,1,0.0,722.81,51.74
0x4acb90e786d897ecffb614dc822eb231b4ffb9f4,2025-03-25,Neutral,333.824806,1,1.0,6998.59,49.22
0x4acb90e786d897ecffb614dc822eb231b4ffb9f4,2025-04-10,Fear,0.0,3,0.0,2288.72,20.613333333333333
0x4acb90e786d897ecffb614dc822eb231b4ffb9f4,2025-04-12,Fear,0.0,1,0.0,587.66,0.007
0x4f93fead39b70a1824f981a54d4e55b278e9f760,2024-04-01,Extreme Greed,0.0,1,0.0,5131.16,1.4443
0x4f93fead39b70a1824f981a54d4e55b278e9f760,2024-04-02,Extreme Greed,0.0,1,0.0,319.34,0.0912
0x4f93fead39b70a1824f981a54d4e55b278e9f760,2024-04-04,Greed,0.0,1,0.0,843.38,0.25
0x4f93fead39b70a1824f981a54d4e55b278e9f760,2024-04-07,Extreme Greed,0.0,1,0.0,1525.9,0.45
0x4f93fead39b70a1824f981a54d4e55b278e9f760,2024-04-10,Extreme Greed,195.916968,1,1.0,12499.7,3.6504
0x4f93fead39b70a1824f981a54d4e55b278e9f760,2024-04-12,Extreme Greed,0.0,1,0.0,13851.74,4.1058
0x4f93fead39b70a1824f981a54d4e55b278e9f760,2024-04-23,Greed,22.593608,3,1.0,364.5433333333333,0.11280000000000001
0x4f93fead39b70a1824f981a54d4e55b278e9f760,2024-04-29,Greed,4.258631,1,1.0,480.64,0.1469
0x4f93fead39b70a1824f981a54d4e55b278e9f760,2024-05-06,Greed,725.22282,1,1.0,100136.78,32.2035
0x4f93fead39b70a1824f981a54d4e55b278e9f760,2024-05-09,Greed,5.088,1,1.0,602.9,0.2
0x4f93fead39b70a1824f981a54d4e55b278e9f760,2024-05-13,Greed,105.9984,1,1.0,4281.41,1.44
0x4f93fead39b70a1824f981a54d4e55b278e9f760,2024-05-15,Greed,0.0,2,0.0,11306.985,3.8777
0x4f93fead39b70a1824f981a54d4e55b278e9f760,2024-05-16,Greed,0.0,2,0.0,234.03,0.0776
0x4f93fead39b70a1824f981a54d4e55b278e9f760,2024-05-21,Extreme Greed,0.0,1,0.0,1988.82,0.6
0x4f93fead39b70a1824f981a54d4e55b278e9f760,2024-06-26,Neutral,0.0,1,0.0,11999.68,3.5366
0x4f93fead39b70a1824f981a54d4e55b278e9f760,2024-06-27,Fear,0.0,1,0.0,29999.34,8.6766
0x4f93fead39b70a1824f981a54d4e55b278e9f760,2024-07-03,Neutral,387.745268,2,0.5,5188.54,1.551
0x4f93fead39b70a1824f981a54d4e55b278e9f760,2024-07-15,Neutral,0.0,1,0.0,1828.39,0.5383
0x4f93fead39b70a1824f981a54d4e55b278e9f760,2024-07-18,Greed,140.633592,1,1.0,29998.29,8.8616
0x4f93fead39b70a1824f981a54d4e55b278e9f760,2024-07-25,Greed,0.0,2,0.0,530.365,0.16835
0x4f93fead39b70a1824f981a54d4e55b278e9f760,2024-07-26,Greed,0.0,1,0.0,2000.36,0.6448
0x4f93fead39b70a1824f981a54d4e55b278e9f760,2024-07-27,Greed,660.5018279999999,2,1.0,41061.92,12.5729
0x4f93fead39b70a1824f981a54d4e55b278e9f760,2024-07-30,Greed,0.0,1,0.0,10067.14,3.055
0x4f93fead39b70a1824f981a54d4e55b278e9f760,2024-08-02,Greed,0.0,1,0.0,3845.84,1.2372
0x4f93fead39b70a1824f981a54d4e55b278e9f760,2024-08-05,Fear,0.0,1,0.0,60.33,0.025
0x4f93fead39b70a1824f981a54d4e55b278e9f760,2024-08-14,Fear,0.0,1,0.0,3631.7,1.3688
0x4f93fead39b70a1824f981a54d4e55b278e9f760,2024-09-30,Greed,461.743162,1,1.0,19978.31,0.30977
0x4f93fead39b70a1824f981a54d4e55b278e9f760,2024-10-07,Neutral,0.0,1,0.0,29999.63,0.47245
0x4f93fead39b70a1824f981a54d4e55b278e9f760,2024-10-15,Greed,209.65532,1,1.0,10211.83,0.15281
0x4f93fead39b70a1824f981a54d4e55b278e9f760,2024-10-31,Extreme Greed,23.815451,1,1.0,24938.28,0.35387
0x4f93fead39b70a1824f981a54d4e55b278e9f760,2024-11-04,Greed,0.0,1,0.0,5186.86,0.07649
0x4f93fead39b70a1824f981a54d4e55b278e9f760,2024-11-14,Extreme Greed,0.0,1,0.0,12502.45,0.14121
0x4f93fead39b70a1824f981a54d4e55b278e9f760,2024-11-17,Extreme Greed,0.0,1,0.0,43502.69,0.48056
0x4f93fead39b70a1824f981a54d4e55b278e9f760,2024-11-20,Extreme Greed,0.0,1,0.0,19996.62,0.21431
0x4f93fead39b70a1824f981a54d4e55b278e9f760,2024-11-22,Extreme Greed,0.24852,1,1.0,11.8,0.00012
0x4f93fead39b70a1824f981a54d4e55b278e9f760,2024-11-26,Extreme Greed,0.0,1,0.0,10499.47,0.11185
0x4f93fead39b70a1824f981a54d4e55b278e9f760,2024-11-27,Extreme Greed,-38.885624,1,0.0,14367.36,0.15166
0x4f93fead39b70a1824f981a54d4e55b278e9f760,2024-11-28,Extreme Greed,436.821,1,1.0,73873.8,0.77
0x4f93fead39b70a1824f981a54d4e55b278e9f760,2024-12-02,Extreme Greed,12.71424,1,1.0,4687.08,0.04816
0x4f93fead39b70a1824f981a54d4e55b278e9f760,2024-12-06,Greed,0.09232,1,1.0,16.05,0.00016
0x4f93fead39b70a1824f981a54d4e55b278e9f760,2024-12-12,Extreme Greed,0.0,1,0.0,12.19,0.00012
0x4f93fead39b70a1824f981a54d4e55b278e9f760,2024-12-15,Extreme Greed,0.0,1,0.0,7519.92,0.07451
0x4f93fead39b70a1824f981a54d4e55b278e9f760,2024-12-16,Extreme Greed,0.0,1,0.0,116549.32,1.10108
0x4f93fead39b70a1824f981a54d4e55b278e9f760,2024-12-19,Extreme Greed,0.0,1,0.0,982.93,0.01
0x4f93fead39b70a1824f981a54d4e55b278e9f760,2024-12-20,Greed,0.0,1,0.0,36077.06,0.37844
0x4f93fead39b70a1824f981a54d4e55b278e9f760,2024-12-26,Extreme Greed,0.0,1,0.0,1049.52,0.011
0x4f93fead39b70a1824f981a54d4e55b278e9f760,2024-12-31,Greed,0.0,2,0.0,4632.6,0.049499999999999995
0x4f93fead39b70a1824f981a54d4e55b278e9f760,2025-01-02,Greed,0.0,2,0.0,16748.97,0.175175
0x4f93fead39b70a1824f981a54d4e55b278e9f760,2025-01-05,Greed,528.237435,1,1.0,81584.35,0.82731
0x4f93fead39b70a1824f981a54d4e55b278e9f760,2025-01-06,Extreme Greed,1354.235214,1,1.0,42816.07,0.41919
0x4f93fead39b70a1824f981a54d4e55b278e9f760,2025-01-07,Extreme Greed,0.0,2,0.0,3675.6499999999996,0.036915
0x4f93fead39b70a1824f981a54d4e55b278e9f760,2025-01-10,Neutral,0.0,1,0.0,3521.95,0.03853
0x4f93fead39b70a1824f981a54d4e55b278e9f760,2025-01-11,Greed,113.111128,2,1.0,35758.805,0.378125
0x4f93fead39b70a1824f981a54d4e55b278e9f760,2025-01-16,Extreme Greed,563.93794,1,1.0,99999.52,1.0022
0x4f93fead39b70a1824f981a54d4e55b278e9f760,2025-01-18,Extreme Greed,14.615643,1,1.0,3257.01,0.03121
0x4f93fead39b70a1824f981a54d4e55b278e9f760,2025-01-19,Extreme Greed,36.988122,2,0.5,12492.765,0.11957
0x4f93fead39b70a1824f981a54d4e55b278e9f760,2025-01-20,Extreme Greed,0.0,4,0.0,24882.6225,0.2364375
0x4f93fead39b70a1824f981a54d4e55b278e9f760,2025-01-21,Extreme Greed,219.12,2,0.5,50658.515,0.481375
0x4f93fead39b70a1824f981a54d4e55b278e9f760,2025-01-23,Extreme Greed,0.0,1,0.0,2884.13,0.02774
0x4f93fead39b70a1824f981a54d4e55b278e9f760,2025-01-24,Extreme Greed,0.0,1,0.0,10.65,0.0001
0x4f93fead39b70a1824f981a54d4e55b278e9f760,2025-01-30,Greed,0.0,1,0.0,14506.98,0.13884
0x4f93fead39b70a1824f981a54d4e55b278e9f760,2025-02-05,Neutral,0.0,1,0.0,58042.56,0.60242
0x4f93fead39b70a1824f981a54d4e55b278e9f760,2025-02-12,Neutral,0.0,2,0.0,4606.495,0.047345
0x4f93fead39b70a1824f981a54d4e55b278e9f760,2025-02-14,Neutral,93.422336,2,1.0,10996.84,0.11396
0x4f93fead39b70a1824f981a54d4e55b278e9f760,2025-02-17,Neutral,0.0,2,0.0,26066.605,0.272
0x4f93fead39b70a1824f981a54d4e55b278e9f760,2025-02-20,Neutral,6.423384,4,0.25,10295.375,0.1058875
0x4f93fead39b70a1824f981a54d4e55b278e9f760,2025-02-21,Greed,0.0,1,0.0,20233.7,0.20379
0x4f93fead39b70a1824f981a54d4e55b278e9f760,2025-02-22,Neutral,0.0,1,0.0,4740.39,0.04976
0x4f93fead39b70a1824f981a54d4e55b278e9f760,2025-02-24,Neutral,0.0,1,0.0,14.2,0.00015
0x4f93fead39b70a1824f981a54d4e55b278e9f760,2025-02-25,Fear,0.0,1,0.0,110155.04,1.17886
0x4f93fead39b70a1824f981a54d4e55b278e9f760,2025-03-06,Fear,0.0,1,0.0,22717.1,0.25026
0x4f93fead39b70a1824f981a54d4e55b278e9f760,2025-03-09,Fear,0.0,1,0.0,12.75,0.00015
0x4f93fead39b70a1824f981a54d4e55b278e9f760,2025-03-10,Extreme Fear,0.0,2,0.0,69618.28,0.85786
0x4f93fead39b70a1824f981a54d4e55b278e9f760,2025-03-16,Fear,0.0,1,0.0,6330.65,0.07521
0x4f93fead39b70a1824f981a54d4e55b278e9f760,2025-03-22,Fear,1.719765,1,1.0,10742.8,0.12739
0x4f93fead39b70a1824f981a54d4e55b278e9f760,2025-03-31,Fear,61.5888,1,1.0,16323.57,0.19552
0x4f93fead39b70a1824f981a54d4e55b278e9f760,2025-04-08,Extreme Fear,807.268,1,1.0,35276.56,0.44
0x4f93fead39b70a1824f981a54d4e55b278e9f760,2025-04-09,Extreme Fear,0.0,2,0.0,8351.015000000001,0.109195
0x513b8629fe877bb581bf244e326a047b249c4ff1,2024-12-09,Extreme Greed,0.0,7,0.0,1525.6357142857144,122.33428571428571
0x513b8629fe877bb581bf244e326a047b249c4ff1,2024-12-12,Extreme Greed,0.0,13,0.0,3169.182307692308,172.79461538461538
0x513b8629fe877bb581bf244e326a047b249c4ff1,2024-12-15,Extreme Greed,0.0,5,0.0,4796.114,212.276
0x513b8629fe877bb581bf244e326a047b249c4ff1,2024-12-19,Extreme Greed,0.0,17,0.0,5096.152941176471,206.4264705882353
0x513b8629fe877bb581bf244e326a047b249c4ff1,2025-02-14,Neutral,23761.960849,66,1.0,1695.9042424242423,67.65151515151516
0x513b8629fe877bb581bf244e326a047b249c4ff1,2025-02-17,Neutral,0.0,39,0.0,3659.565641025641,138.71358974358975
0x513b8629fe877bb581bf244e326a047b249c4ff1,2025-03-17,Fear,0.0,5,0.0,4165.13,167.96631399999998
0x513b8629fe877bb581bf244e326a047b249c4ff1,2025-03-18,Fear,104.53464,1,1.0,4978.97,0.05926
0x513b8629fe877bb581bf244e326a047b249c4ff1,2025-03-19,Fear,-8.775480999999985,19,0.10526315789473684,5500.292105263158,158.67193105263158
0x513b8629fe877bb581bf244e326a047b249c4ff1,2025-03-20,Neutral,363.34696,9,1.0,1213.7222222222222,80.48888888888888
0x513b8629fe877bb581bf244e326a047b249c4ff1,2025-03-27,Fear,0.0,12,0.0,1693.0625,115.6125
0x513b8629fe877bb581bf244e326a047b249c4ff1,2025-03-28,Fear,75.571346,5,1.0,1570.816,106.24399999999999
0x513b8629fe877bb581bf244e326a047b249c4ff1,2025-04-01,Fear,0.0,3,0.0,21913.570000000003,1590.3600000000004
0x513b8629fe877bb581bf244e326a047b249c4ff1,2025-04-03,Fear,0.0,2,0.0,4633.21,380.395
0x513b8629fe877bb581bf244e326a047b249c4ff1,2025-04-05,Fear,0.0,3,0.0,5016.616666666667,420.68666666666667
0x513b8629fe877bb581bf244e326a047b249c4ff1,2025-04-07,Extreme Fear,-3738.858582,11,0.0,1834.1436363636365,147.64270181818182
0x513b8629fe877bb581bf244e326a047b249c4ff1,2025-04-08,Extreme Fear,53.23057300000001,12,0.16666666666666666,3324.7191666666663,0.04197416666666667
0x513b8629fe877bb581bf244e326a047b249c4ff1,2025-04-09,Extreme Fear,1133.392612,14,0.6428571428571429,9593.825714285715,65.91704714285714
0x513b8629fe877bb581bf244e326a047b249c4ff1,2025-04-10,Fear,2439.796492,33,0.7272727272727273,28108.22333333333,0.35505484848484853
0x513b8629fe877bb581bf244e326a047b249c4ff1,2025-04-11,Fear,0.0,3,0.0,15.089999999999998,0.00018
0x513b8629fe877bb581bf244e326a047b249c4ff1,2025-04-12,Fear,6970.110365,94,0.1595744680851064,34762.61542553191,0.41493117021276593
0x513b8629fe877bb581bf244e326a047b249c4ff1,2025-04-13,Neutral,1143.116049,11,0.36363636363636365,42254.491818181814,1.1056845454545454
0x513b8629fe877bb581bf244e326a047b249c4ff1,2025-04-14,Fear,-177.53063200000003,16,0.125,2641.681875,0.031396875
0x513b8629fe877bb581bf244e326a047b249c4ff1,2025-04-15,Fear,1050.700618,42,0.6428571428571429,9509.835714285713,0.111305
0x513b8629fe877bb581bf244e326a047b249c4ff1,2025-04-16,Fear,4073.088698,43,0.4186046511627907,43738.94093023256,0.5155348837209303
0x513b8629fe877bb581bf244e326a047b249c4ff1,2025-04-18,Fear,686.337415,17,0.7647058823529411,14838.088235294117,2.4499876470588235
0x513b8629fe877bb581bf244e326a047b249c4ff1,2025-04-19,Fear,6157.875838,30,0.43333333333333335,62434.32333333334,7.485235333333334
0x513b8629fe877bb581bf244e326a047b249c4ff1,2025-04-20,Fear,0.0,4,0.0,75197.9575,0.8825274999999999
0x513b8629fe877bb581bf244e326a047b249c4ff1,2025-04-21,Fear,-1266.1655309999999,48,0.4583333333333333,36978.16291666667,0.8406020833333333
0x513b8629fe877bb581bf244e326a047b249c4ff1,2025-04-22,Neutral,181.595515,16,0.3125,43553.27375,10.1063925
0x513b8629fe877bb581bf244e326a047b249c4ff1,2025-04-23,Greed,11.821330999999999,7,0.42857142857142855,48161.177142857145,0.5282928571428571
0x513b8629fe877bb581bf244e326a047b249c4ff1,2025-04-24,Greed,4386.261905,28,0.5357142857142857,48998.24,0.5239314285714286
0x513b8629fe877bb581bf244e326a047b249c4ff1,2025-04-25,Greed,236.29054399999998,21,0.5238095238095238,28966.81666666667,0.3105804761904762
0x513b8629fe877bb581bf244e326a047b249c4ff1,2025-04-26,Greed,0.0,12,0.0,15356.455,10.540664999999999
0x513b8629fe877bb581bf244e326a047b249c4ff1,2025-04-28,Neutral,-826.1984219999998,21,0.6666666666666666,22046.432857142856,0.23375904761904764
0x513b8629fe877bb581bf244e326a047b249c4ff1,2025-04-29,Greed,5588.097222,32,0.5,53669.997187500005,72.5517359375
0x513b8629fe877bb581bf244e326a047b249c4ff1,2025-04-30,Greed,0.0,14,0.0,26220.644285714287,47.11585214285714
0x513b8629fe877bb581bf244e326a047b249c4ff1,2025-05-01,Neutral,581.52265,11,0.7272727272727273,9967.33909090909,67.66636363636364
0x6d6a4b953f202f8df5bed40692e7fd865318264a,2024-12-14,Extreme Greed,338.70542,1,1.0,479.46,24.92
0x6d6a4b953f202f8df5bed40692e7fd865318264a,2024-12-21,Greed,20.500746,1,1.0,24.68,0.74
0x6d6a4b953f202f8df5bed40692e7fd865318264a,2025-02-01,Greed,0.0,1,0.0,2482.57,94.74
0x6d6a4b953f202f8df5bed40692e7fd865318264a,2025-03-27,Fear,0.249123,2,0.5,213.125,15.085
0x6d6a4b953f202f8df5bed40692e7fd865318264a,2025-04-04,Fear,15.044176,1,1.0,389.89,866.6
0x6d6a4b953f202f8df5bed40692e7fd865318264a,2025-04-19,Fear,0.0,1,0.0,100.04,5.55
0x6d6a4b953f202f8df5bed40692e7fd865318264a,2025-04-24,Greed,36.469898,1,1.0,573.94,46.7
0x72743ae2822edd658c0c50608fd7c5c501b2afbd,2024-12-22,Greed,1385.665156,1,1.0,6276.5,1.9037
0x72743ae2822edd658c0c50608fd7c5c501b2afbd,2025-04-18,Fear,-78.869991,1,0.0,525.05,3.93
0x72743ae2822edd658c0c50608fd7c5c501b2afbd,2025-04-22,Neutral,0.0,1,0.0,3298.93,3112.2
0x72743ae2822edd658c0c50608fd7c5c501b2afbd,2025-04-23,Greed,0.0,2,0.0,1194.56,1035.15
0x72c6a4624e1dffa724e6d00d64ceae698af892a0,2024-09-20,Neutral,0.0,2,0.0,8491.085000000001,2291.305
0x72c6a4624e1dffa724e6d00d64ceae698af892a0,2024-09-24,Neutral,0.0,1,0.0,6113.57,1573.23
0x72c6a4624e1dffa724e6d00d64ceae698af892a0,2024-09-26,Neutral,0.0,4,0.0,3667.7400000000002,920.5475
0x72c6a4624e1dffa724e6d00d64ceae698af892a0,2024-09-27,Greed,0.0,26,0.0,689.6884615384616,169.49653846153845
0x72c6a4624e1dffa724e6d00d64ceae698af892a0,2024-09-28,Greed,0.0,3,0.0,6470.28,1579.6266666666668
0x72c6a4624e1dffa724e6d00d64ceae698af892a0,2024-09-30,Greed,0.0,46,0.0,320.8828260869565,78.35239130434783
0x72c6a4624e1dffa724e6d00d64ceae698af892a0,2024-10-25,Greed,7846.42051,4,1.0,5257.4275,1805.435
0x72c6a4624e1dffa724e6d00d64ceae698af892a0,2024-11-29,Extreme Greed,573.585288,1,1.0,573.59,171.22
0x72c6a4624e1dffa724e6d00d64ceae698af892a0,2024-12-12,Extreme Greed,0.0,9,0.0,1053.6444444444444,58.873333333333335
0x72c6a4624e1dffa724e6d00d64ceae698af892a0,2024-12-13,Extreme Greed,0.0,21,0.0,1641.9295238095237,93.72714285714285
0x72c6a4624e1dffa724e6d00d64ceae698af892a0,2024-12-14,Extreme Greed,0.0,22,0.0,1506.6840909090906,71.89363636363636
0x72c6a4624e1dffa724e6d00d64ceae698af892a0,2024-12-15,Extreme Greed,0.0,6,0.0,1419.1766666666665,63.61166666666667
0x72c6a4624e1dffa724e6d00d64ceae698af892a0,2024-12-16,Extreme Greed,0.0,19,0.0,2272.536315789474,93.44315789473684
0x72c6a4624e1dffa724e6d00d64ceae698af892a0,2024-12-17,Extreme Greed,0.0,7,0.0,3196.2014285714286,113.84571428571428
0x72c6a4624e1dffa724e6d00d64ceae698af892a0,2024-12-18,Extreme Greed,0.0,14,0.0,3548.3771428571426,142.65
0x72c6a4624e1dffa724e6d00d64ceae698af892a0,2024-12-20,Greed,0.0,14,0.0,4344.469285714285,180.10999999999999
0x72c6a4624e1dffa724e6d00d64ceae698af892a0,2024-12-23,Greed,0.0,14,0.0,2325.0835714285713,87.66785714285713
0x72c6a4624e1dffa724e6d00d64ceae698af892a0,2024-12-25,Greed,0.0,1,0.0,28677.0,1000.0
0x72c6a4624e1dffa724e6d00d64ceae698af892a0,2024-12-27,Greed,0.0,2,0.0,117.07499999999999,4.115
0x72c6a4624e1dffa724e6d00d64ceae698af892a0,2024-12-28,Greed,0.0,14,0.0,3559.6700000000005,129.45142857142858
0x72c6a4624e1dffa724e6d00d64ceae698af892a0,2024-12-29,Greed,0.0,5,0.0,416.552,14.228
0x72c6a4624e1dffa724e6d00d64ceae698af892a0,2024-12-30,Greed,0.0,10,0.0,2689.136,97.228
0x72c6a4624e1dffa724e6d00d64ceae698af892a0,2025-01-02,Greed,0.0,1,0.0,6904.95,265.81
0x72c6a4624e1dffa724e6d00d64ceae698af892a0,2025-01-03,Greed,0.0,3,0.0,1276.0366666666666,52.576666666666675
0x72c6a4624e1dffa724e6d00d64ceae698af892a0,2025-01-05,Greed,0.0,3,0.0,293.92,11.546666666666667
0x72c6a4624e1dffa724e6d00d64ceae698af892a0,2025-01-06,Extreme Greed,0.0,9,0.0,3444.866666666667,134.76
0x72c6a4624e1dffa724e6d00d64ceae698af892a0,2025-01-24,Extreme Greed,0.0,1,0.0,1995.67,86.58
0x72c6a4624e1dffa724e6d00d64ceae698af892a0,2025-01-25,Extreme Greed,0.0,5,0.0,4851.982,212.756
0x72c6a4624e1dffa724e6d00d64ceae698af892a0,2025-01-26,Greed,137.65314,24,0.3333333333333333,1847.5741666666665,1632.0891666666666
0x72c6a4624e1dffa724e6d00d64ceae698af892a0,2025-01-28,Greed,154.523936,16,0.5625,843.1,2.2388
0x72c6a4624e1dffa724e6d00d64ceae698af892a0,2025-02-02,Greed,0.0,13,0.0,658.0761538461538,2726.7
0x72c6a4624e1dffa724e6d00d64ceae698af892a0,2025-02-07,Fear,0.0,20,0.0,995.8705,782.405
0x72c6a4624e1dffa724e6d00d64ceae698af892a0,2025-02-10,Fear,0.0,3,0.0,6893.88,16099.666666666666
0x72c6a4624e1dffa724e6d00d64ceae698af892a0,2025-02-15,Neutral,0.0,3,0.0,347.32,60.93333333333334
0x72c6a4624e1dffa724e6d00d64ceae698af892a0,2025-02-16,Neutral,0.0,2,0.0,1319.01,1998.5
0x72c6a4624e1dffa724e6d00d64ceae698af892a0,2025-02-18,Neutral,0.0,3,0.0,122.85000000000001,194.66666666666666
0x72c6a4624e1dffa724e6d00d64ceae698af892a0,2025-02-21,Greed,0.0,4,0.0,268.1375,0.179475
0x72c6a4624e1dffa724e6d00d64ceae698af892a0,2025-02-22,Neutral,0.0,5,0.0,1050.914,599.64
0x72c6a4624e1dffa724e6d00d64ceae698af892a0,2025-02-25,Fear,18191.836855,39,1.0,1551.563076923077,82.75153846153846
0x72c6a4624e1dffa724e6d00d64ceae698af892a0,2025-02-26,Extreme Fear,8230.0,1,1.0,23710.0,10.0
0x72c6a4624e1dffa724e6d00d64ceae698af892a0,2025-02-27,Extreme Fear,2047.56016,4,1.0,1608.7575,86.96000000000001
0x72c6a4624e1dffa724e6d00d64ceae698af892a0,2025-03-01,Extreme Fear,0.0,5,0.0,679.278,3466.2
0x72c6a4624e1dffa724e6d00d64ceae698af892a0,2025-03-02,Fear,1500.782585,8,1.0,586.94625,31.76125
0x72c6a4624e1dffa724e6d00d64ceae698af892a0,2025-03-03,Fear,1924.009665,6,0.6666666666666666,1454.1816666666666,315.50166666666667
0x72c6a4624e1dffa724e6d00d64ceae698af892a0,2025-03-04,Extreme Fear,30923.459725,47,0.5531914893617021,1893.3753191489361,657.5882978723405
0x72c6a4624e1dffa724e6d00d64ceae698af892a0,2025-03-07,Fear,0.0,4,0.0,482.9225,206.525
0x72c6a4624e1dffa724e6d00d64ceae698af892a0,2025-03-09,Fear,0.0,3,0.0,92.74,0.156
0x72c6a4624e1dffa724e6d00d64ceae698af892a0,2025-03-10,Extreme Fear,-104.85499999999999,7,0.0,997.0814285714285,448.5628571428571
0x72c6a4624e1dffa724e6d00d64ceae698af892a0,2025-04-12,Fear,-1992.42873,4,0.0,1696.245,2244.425
0x72c6a4624e1dffa724e6d00d64ceae698af892a0,2025-04-13,Neutral,-221.505052,1,0.0,499.12,1468.0
0x72c6a4624e1dffa724e6d00d64ceae698af892a0,2025-04-14,Fear,293.20128,1,1.0,299.91,1868.0
0x72c6a4624e1dffa724e6d00d64ceae698af892a0,2025-04-15,Fear,44.03242,1,1.0,60.22,27.8
0x72c6a4624e1dffa724e6d00d64ceae698af892a0,2025-04-16,Fear,1006.3579,13,1.0,530.1346153846154,254.46153846153845
0x72c6a4624e1dffa724e6d00d64ceae698af892a0,2025-04-20,Fear,5090.88334,13,1.0,818.51,27808.96261538462
0x72c6a4624e1dffa724e6d00d64ceae698af892a0,2025-04-21,Fear,-3908.691318,3,0.3333333333333333,2050.8433333333332,888.4913333333334
0x75f7eeb85dc639d5e99c78f95393aa9a5f1170d4,2024-02-14,Greed,84.2112,1,1.0,3000.7,544.0
0x75f7eeb85dc639d5e99c78f95393aa9a5f1170d4,2024-02-15,Greed,22.8275,1,1.0,760.73,287.5
0x75f7eeb85dc639d5e99c78f95393aa9a5f1170d4,2024-02-16,Greed,33.29354,5,0.8,889.8040000000001,30718.039999999997
0x75f7eeb85dc639d5e99c78f95393aa9a5f1170d4,2024-02-17,Extreme Greed,112.63032899999999,3,0.6666666666666666,2817.3799999999997,4724.233333333334
0x75f7eeb85dc639d5e99c78f95393aa9a5f1170d4,2024-02-18,Greed,5.28468,1,1.0,127.92,282.0
0x75f7eeb85dc639d5e99c78f95393aa9a5f1170d4,2024-02-19,Extreme Greed,0.0,1,0.0,38924.6,5500.0
0x75f7eeb85dc639d5e99c78f95393aa9a5f1170d4,2024-02-20,Greed,0.0,1,0.0,4713.43,7410.0
0x75f7eeb85dc639d5e99c78f95393aa9a5f1170d4,2024-02-23,Extreme Greed,11.911018,1,1.0,305.36,125.3
0x75f7eeb85dc639d5e99c78f95393aa9a5f1170d4,2024-02-26,Greed,20.19633,1,1.0,406.34,53.9
0x75f7eeb85dc639d5e99c78f95393aa9a5f1170d4,2024-02-28,Extreme Greed,833.141894,1,1.0,25385.04,1563118.0
0x75f7eeb85dc639d5e99c78f95393aa9a5f1170d4,2024-02-29,Extreme Greed,46.336801,1,1.0,1061.23,134.9
0x75f7eeb85dc639d5e99c78f95393aa9a5f1170d4,2024-03-01,Extreme Greed,9.25908,2,0.5,5362.875,2047.5
0x75f7eeb85dc639d5e99c78f95393aa9a5f1170d4,2024-03-04,Extreme Greed,293.10792200000003,5,0.6,11661.238000000001,268447.8
0x75f7eeb85dc639d5e99c78f95393aa9a5f1170d4,2024-03-05,Extreme Greed,70.951345,2,1.0,876.9599999999999,17451.5
0x75f7eeb85dc639d5e99c78f95393aa9a5f1170d4,2024-03-08,Extreme Greed,121.4626,1,1.0,2000.44,859.0
0x75f7eeb85dc639d5e99c78f95393aa9a5f1170d4,2024-03-11,Extreme Greed,163.500173,2,1.0,1676.82,3012.05
0x75f7eeb85dc639d5e99c78f95393aa9a5f1170d4,2024-03-14,Extreme Greed,0.478791,1,1.0,14.89,81.0
0x75f7eeb85dc639d5e99c78f95393aa9a5f1170d4,2024-03-15,Extreme Greed,731.5572,1,1.0,15796.43,1941.5
0x75f7eeb85dc639d5e99c78f95393aa9a5f1170d4,2024-03-20,Greed,15.249,1,1.0,444.52,390.0
0x75f7eeb85dc639d5e99c78f95393aa9a5f1170d4,2024-03-24,Greed,0.0,1,0.0,11945.98,1266.9
0x75f7eeb85dc639d5e99c78f95393aa9a5f1170d4,2024-03-26,Extreme Greed,136.42578,3,1.0,1130.8700000000001,141.8
0x75f7eeb85dc639d5e99c78f95393aa9a5f1170d4,2024-03-27,Extreme Greed,-6.0562,1,0.0,997.52,1070.0
0x75f7eeb85dc639d5e99c78f95393aa9a5f1170d4,2024-03-28,Extreme Greed,0.0,1,0.0,7768.85,199283.0
0x75f7eeb85dc639d5e99c78f95393aa9a5f1170d4,2024-04-01,Extreme Greed,0.0,1,0.0,370.32,49173.0
0x75f7eeb85dc639d5e99c78f95393aa9a5f1170d4,2024-04-05,Extreme Greed,12.77724,1,1.0,1247.52,434.6
0x75f7eeb85dc639d5e99c78f95393aa9a5f1170d4,2024-04-12,Extreme Greed,15.199604,1,1.0,266.24,98.0
0x75f7eeb85dc639d5e99c78f95393aa9a5f1170d4,2024-04-13,Greed,46.96285,2,0.5,1139.85,231.25
0x75f7eeb85dc639d5e99c78f95393aa9a5f1170d4,2024-04-14,Greed,5.7618,1,1.0,293.62,297.0
0x75f7eeb85dc639d5e99c78f95393aa9a5f1170d4,2024-04-15,Greed,126.96636,1,1.0,3999.71,4427.0
0x75f7eeb85dc639d5e99c78f95393aa9a5f1170d4,2024-12-10,Extreme Greed,31.730002,4,1.0,223.0925,125.0525
0x75f7eeb85dc639d5e99c78f95393aa9a5f1170d4,2024-12-11,Greed,71.78809000000001,4,0.5,955.23,718.6999999999999
0x75f7eeb85dc639d5e99c78f95393aa9a5f1170d4,2024-12-15,Extreme Greed,3.57525,1,1.0,98.97,175.0
0x75f7eeb85dc639d5e99c78f95393aa9a5f1170d4,2024-12-18,Extreme Greed,5.945,3,1.0,58.71,50.0
0x75f7eeb85dc639d5e99c78f95393aa9a5f1170d4,2024-12-19,Extreme Greed,17.015466,5,0.8,1589.824,11194.8
0x75f7eeb85dc639d5e99c78f95393aa9a5f1170d4,2024-12-20,Greed,43.0415,2,1.0,873.235,786.95
0x75f7eeb85dc639d5e99c78f95393aa9a5f1170d4,2025-01-02,Greed,1.6984,1,1.0,45.45,80.0
0x75f7eeb85dc639d5e99c78f95393aa9a5f1170d4,2025-01-07,Extreme Greed,34.11674,3,1.0,294.27,666.3333333333334
0x75f7eeb85dc639d5e99c78f95393aa9a5f1170d4,2025-01-08,Greed,36.0464,1,1.0,976.72,693.2
0x75f7eeb85dc639d5e99c78f95393aa9a5f1170d4,2025-01-13,Greed,297.00462,1,1.0,11198.23,14417.7
0x75f7eeb85dc639d5e99c78f95393aa9a5f1170d4,2025-01-20,Extreme Greed,194.73609,6,1.0,883.7733333333332,6842.566666666667
0x75f7eeb85dc639d5e99c78f95393aa9a5f1170d4,2025-01-22,Extreme Greed,23.91147,1,1.0,1993.49,3201.0
0x75f7eeb85dc639d5e99c78f95393aa9a5f1170d4,2025-01-27,Greed,16.085524,1,1.0,1013.58,5782.0
0x75f7eeb85dc639d5e99c78f95393aa9a5f1170d4,2025-01-29,Greed,1.103572,1,1.0,499.98,32458.0
0x75f7eeb85dc639d5e99c78f95393aa9a5f1170d4,2025-01-30,Greed,29.606664999999996,3,1.0,247.59666666666666,1121.5
0x75f7eeb85dc639d5e99c78f95393aa9a5f1170d4,2025-01-31,Extreme Greed,-2.3136529999999995,4,0.5,191.90750000000003,659.375
0x75f7eeb85dc639d5e99c78f95393aa9a5f1170d4,2025-02-01,Greed,27.927,2,0.5,5864.29,29886.5
0x75f7eeb85dc639d5e99c78f95393aa9a5f1170d4,2025-02-03,Fear,39.626191,6,1.0,239.12333333333333,641.415
0x75f7eeb85dc639d5e99c78f95393aa9a5f1170d4,2025-02-04,Greed,26.849014,1,1.0,905.56,172.33
0x75f7eeb85dc639d5e99c78f95393aa9a5f1170d4,2025-02-06,Neutral,59.268608,2,0.5,2423.48,185.35000000000002
0x75f7eeb85dc639d5e99c78f95393aa9a5f1170d4,2025-02-07,Fear,0.903008,3,0.3333333333333333,13484.366666666667,905710.6666666666
0x75f7eeb85dc639d5e99c78f95393aa9a5f1170d4,2025-02-09,Neutral,5.34,1,1.0,286.2,2000.0
0x75f7eeb85dc639d5e99c78f95393aa9a5f1170d4,2025-02-12,Neutral,-593.929,3,0.0,939.5300000000001,2258.0
0x75f7eeb85dc639d5e99c78f95393aa9a5f1170d4,2025-02-15,Neutral,0.0,1,0.0,16303.77,2633889.0
0x75f7eeb85dc639d5e99c78f95393aa9a5f1170d4,2025-02-19,Fear,14.418727,3,0.6666666666666666,8093.373333333333,1361459.6666666667
0x75f7eeb85dc639d5e99c78f95393aa9a5f1170d4,2025-02-21,Greed,6.057756,1,1.0,218.04,6876.0
0x75f7eeb85dc639d5e99c78f95393aa9a5f1170d4,2025-03-03,Fear,0.0,1,0.0,12.99,2.0
0x75f7eeb85dc639d5e99c78f95393aa9a5f1170d4,2025-03-08,Fear,12.235419,1,1.0,304.2,46879.0
0x75f7eeb85dc639d5e99c78f95393aa9a5f1170d4,2025-03-11,Extreme Fear,13.425408,1,1.0,308.36,52443.0
0x75f7eeb85dc639d5e99c78f95393aa9a5f1170d4,2025-03-15,Neutral,127.68,1,1.0,1618.8,114000.0
0x75f7eeb85dc639d5e99c78f95393aa9a5f1170d4,2025-03-16,Fear,96.596,1,1.0,1657.57,6200.0
0x75f7eeb85dc639d5e99c78f95393aa9a5f1170d4,2025-03-17,Fear,1.048194,1,1.0,15.35,53.1
0x75f7eeb85dc639d5e99c78f95393aa9a5f1170d4,2025-03-22,Fear,291.92748900000004,3,1.0,526.01,15921.333333333334
0x75f7eeb85dc639d5e99c78f95393aa9a5f1170d4,2025-03-24,Neutral,1.375053,1,1.0,35.35,149.3
0x75f7eeb85dc639d5e99c78f95393aa9a5f1170d4,2025-04-12,Fear,226.82107000000002,3,1.0,1653.5866666666668,4881.0
0x75f7eeb85dc639d5e99c78f95393aa9a5f1170d4,2025-04-19,Fear,0.0,1,0.0,365.42,152961.0
0x75f7eeb85dc639d5e99c78f95393aa9a5f1170d4,2025-04-20,Fear,-0.05796,1,0.0,11.62,46.0
0x75f7eeb85dc639d5e99c78f95393aa9a5f1170d4,2025-04-22,Neutral,3.370978,2,1.0,27.77,473.5
0x75f7eeb85dc639d5e99c78f95393aa9a5f1170d4,2025-04-23,Greed,340.552278,2,0.5,15739.065,149826.0
0x75f7eeb85dc639d5e99c78f95393aa9a5f1170d4,2025-04-26,Greed,13.778604,1,1.0,208.98,674.1
0x7f4f299f74eec87806a830e3caa9afa5f2b9db8f,2025-04-09,Extreme Fear,4.7071000000000005,2,1.0,749.84,0.515
0x7f4f299f74eec87806a830e3caa9afa5f2b9db8f,2025-04-11,Fear,11.581399999999999,4,0.5,733.3075,564.81925
0x8170715b3b381dffb7062c0298972d4727a0a63b,2025-01-31,Extreme Greed,0.0,1,0.0,499.72,227.6
0x8170715b3b381dffb7062c0298972d4727a0a63b,2025-02-04,Greed,0.0,1,0.0,18.39,12.5
0x8170715b3b381dffb7062c0298972d4727a0a63b,2025-02-10,Fear,0.0,1,0.0,499.67,340.7
0x8170715b3b381dffb7062c0298972d4727a0a63b,2025-03-19,Fear,0.0,1,0.0,354.9,473.2
0x8170715b3b381dffb7062c0298972d4727a0a63b,2025-03-29,Fear,893.769742,2,1.0,900.375,1461.65
0x8170715b3b381dffb7062c0298972d4727a0a63b,2025-04-06,Fear,497.638324,1,1.0,1123.01,2019.8
0x8170715b3b381dffb7062c0298972d4727a0a63b,2025-04-07,Extreme Fear,0.0,1,0.0,15.01,26.8
0x8170715b3b381dffb7062c0298972d4727a0a63b,2025-04-08,Extreme Fear,0.0,1,0.0,7261.58,0.09309
0x8170715b3b381dffb7062c0298972d4727a0a63b,2025-04-10,Fear,0.314055,1,1.0,12.35,0.00015
0x8170715b3b381dffb7062c0298972d4727a0a63b,2025-04-11,Fear,-433.058442,1,0.0,3000.33,27.03
0x8170715b3b381dffb7062c0298972d4727a0a63b,2025-04-18,Fear,0.0,2,0.0,2997.745,391.35
0x8170715b3b381dffb7062c0298972d4727a0a63b,2025-04-23,Greed,-82258.764412,6,0.8333333333333334,38122.77166666667,7203.866666666666
0x8381e6d82f1affd39a336e143e081ef7620a3b7f,2025-01-25,Extreme Greed,0.0,1,0.0,294.25,340.0
0x8381e6d82f1affd39a336e143e081ef7620a3b7f,2025-01-26,Greed,1811.975427,1,1.0,6213.05,5139.0
0x8381e6d82f1affd39a336e143e081ef7620a3b7f,2025-02-04,Greed,4657.058807,2,1.0,29990.975,762.955065
0x8381e6d82f1affd39a336e143e081ef7620a3b7f,2025-02-05,Neutral,13.85192,9,0.4444444444444444,903.8622222222223,34.89777777777778
0x8381e6d82f1affd39a336e143e081ef7620a3b7f,2025-02-06,Neutral,0.00738,3,0.3333333333333333,3579.5166666666664,144.62666666666667
0x8381e6d82f1affd39a336e143e081ef7620a3b7f,2025-02-09,Neutral,24.15,2,0.5,6535.929999999999,32.94
0x8381e6d82f1affd39a336e143e081ef7620a3b7f,2025-02-10,Fear,0.0,1,0.0,869.97,2.189
0x8381e6d82f1affd39a336e143e081ef7620a3b7f,2025-02-11,Neutral,-0.013412,3,0.0,1076.67,43.663333333333334
0x8381e6d82f1affd39a336e143e081ef7620a3b7f,2025-02-12,Neutral,135.951162,2,1.0,12391.419999999998,0.12750999999999998
0x8381e6d82f1affd39a336e143e081ef7620a3b7f,2025-02-14,Neutral,0.0,1,0.0,194.37,7.37
0x8381e6d82f1affd39a336e143e081ef7620a3b7f,2025-02-16,Neutral,0.0,3,0.0,663.1366666666668,25.689999999999998
0x8381e6d82f1affd39a336e143e081ef7620a3b7f,2025-02-17,Neutral,0.0,2,0.0,323.10499999999996,12.74
0x8381e6d82f1affd39a336e143e081ef7620a3b7f,2025-02-18,Neutral,0.0,1,0.0,749.78,29.44
0x8477e447846c758f5a675856001ea72298fd9cb5,2024-05-23,Extreme Greed,3.816384,3,0.3333333333333333,1646.9399999999998,20216.525766666666
0x8477e447846c758f5a675856001ea72298fd9cb5,2024-05-27,Greed,48.335913,1,1.0,2223.67,3626.1
0x8477e447846c758f5a675856001ea72298fd9cb5,2024-05-29,Greed,0.0,2,0.0,221.595,92.9
0x8477e447846c758f5a675856001ea72298fd9cb5,2024-06-03,Greed,7.254702,2,0.5,221.92,159.35000000000002
0x8477e447846c758f5a675856001ea72298fd9cb5,2024-06-06,Extreme Greed,5.130415,2,0.5,439.2,9.795
0x8477e447846c758f5a675856001ea72298fd9cb5,2024-06-10,Greed,0.0,1,0.0,554.85,126.4
0x8477e447846c758f5a675856001ea72298fd9cb5,2024-07-17,Greed,3.271075,4,0.5,1547.52,493.1
0x8477e447846c758f5a675856001ea72298fd9cb5,2024-07-20,Greed,0.0,1,0.0,558.23,112.6
0x8477e447846c758f5a675856001ea72298fd9cb5,2024-07-21,Greed,-0.215817,1,0.0,10.65,2.1
0x8477e447846c758f5a675856001ea72298fd9cb5,2024-07-22,Greed,-17.539986,1,0.0,281.34,52.1
0x8477e447846c758f5a675856001ea72298fd9cb5,2024-07-23,Greed,14.410336,1,1.0,554.76,112.3
0x8477e447846c758f5a675856001ea72298fd9cb5,2024-07-26,Greed,0.0,1,0.0,583.56,242.0
0x8477e447846c758f5a675856001ea72298fd9cb5,2024-08-09,Neutral,0.0,1,0.0,139.12,0.0518
0x8477e447846c758f5a675856001ea72298fd9cb5,2024-09-01,Fear,0.0,1,0.0,1500.1,999.0
0x8477e447846c758f5a675856001ea72298fd9cb5,2024-11-09,Extreme Greed,-0.00141,1,0.0,71.59,141.0
0x8477e447846c758f5a675856001ea72298fd9cb5,2024-11-12,Extreme Greed,0.0,2,0.0,1110.83,1409.006275
0x8477e447846c758f5a675856001ea72298fd9cb5,2024-11-22,Extreme Greed,0.0,1,0.0,510.84,1.98
0x8477e447846c758f5a675856001ea72298fd9cb5,2024-11-24,Extreme Greed,0.0,1,0.0,1109.86,433.1
0x8477e447846c758f5a675856001ea72298fd9cb5,2024-11-29,Extreme Greed,0.0,1,0.0,999.83,347.9
0x8477e447846c758f5a675856001ea72298fd9cb5,2024-11-30,Extreme Greed,0.0,1,0.0,111.55,32.5
0x8477e447846c758f5a675856001ea72298fd9cb5,2024-12-01,Extreme Greed,0.0,1,0.0,554.61,786.8
0x8477e447846c758f5a675856001ea72298fd9cb5,2025-01-08,Greed,95.970696,4,0.5,965.5525,36.861485
0x8477e447846c758f5a675856001ea72298fd9cb5,2025-01-09,Greed,0.0,1,0.0,221.89,71.9
0x8477e447846c758f5a675856001ea72298fd9cb5,2025-01-10,Neutral,0.11855,2,0.5,5.67,0.28
0x8477e447846c758f5a675856001ea72298fd9cb5,2025-01-16,Extreme Greed,-0.3725,1,0.0,49.94,0.0005
0x8477e447846c758f5a675856001ea72298fd9cb5,2025-01-20,Extreme Greed,0.0,1,0.0,219.79,4.2
0x8477e447846c758f5a675856001ea72298fd9cb5,2025-01-21,Extreme Greed,0.830386,2,0.5,294.655,409.4
0x8477e447846c758f5a675856001ea72298fd9cb5,2025-01-22,Extreme Greed,0.0,2,0.0,731.715,271.89
0x8477e447846c758f5a675856001ea72298fd9cb5,2025-01-23,Extreme Greed,71.899605,3,0.3333333333333333,1033.9966666666667,1134.5
0x8477e447846c758f5a675856001ea72298fd9cb5,2025-01-24,Extreme Greed,0.0,1,0.0,62.98,2480.0
0x8477e447846c758f5a675856001ea72298fd9cb5,2025-01-26,Greed,0.0,1,0.0,1111.84,927.0
0x8477e447846c758f5a675856001ea72298fd9cb5,2025-01-27,Greed,12.804857,1,1.0,1342.75,0.01339
0x8477e447846c758f5a675856001ea72298fd9cb5,2025-02-03,Fear,0.0,1,0.0,351.42,924.0
0x8477e447846c758f5a675856001ea72298fd9cb5,2025-02-24,Neutral,461.745,1,1.0,11954.25,75.0
0x8477e447846c758f5a675856001ea72298fd9cb5,2025-02-28,Extreme Fear,0.0,1,0.0,2498.07,0.03019
0x8477e447846c758f5a675856001ea72298fd9cb5,2025-04-10,Fear,-16.097435,1,0.0,499.97,655.7
0x8477e447846c758f5a675856001ea72298fd9cb5,2025-04-13,Neutral,-0.076374,1,0.0,782.76,848.6
0x8477e447846c758f5a675856001ea72298fd9cb5,2025-04-22,Neutral,42.758124,6,0.5,503.48,8714.859999999999
0x8477e447846c758f5a675856001ea72298fd9cb5,2025-04-23,Greed,-128.110346,8,0.0,521.7925,17822.43895625
0x8477e447846c758f5a675856001ea72298fd9cb5,2025-04-24,Greed,0.0,1,0.0,554.64,166.5
0x8477e447846c758f5a675856001ea72298fd9cb5,2025-04-25,Greed,0.0,1,0.0,57.04,6710.0
0x8477e447846c758f5a675856001ea72298fd9cb5,2025-04-30,Greed,-5.7884,1,0.0,49.99,46.4
0x92f17e8d81a944691c10e753af1b1baae1a2cd0d,2025-01-23,Extreme Greed,337.718734,2,1.0,3109.7700000000004,128.065
0x92f17e8d81a944691c10e753af1b1baae1a2cd0d,2025-01-29,Greed,7.895424,1,1.0,907.25,1113.6
0x92f17e8d81a944691c10e753af1b1baae1a2cd0d,2025-02-02,Greed,612.753924,1,1.0,10179.9,14779.4
0x92f17e8d81a944691c10e753af1b1baae1a2cd0d,2025-04-07,Extreme Fear,6.350235,1,1.0,765.79,0.00993
0x92f17e8d81a944691c10e753af1b1baae1a2cd0d,2025-04-23,Greed,0.0,1,0.0,499.76,428.1
0xa0feb3725a9335f49874d7cd8eaad6be45b27416,2024-12-13,Extreme Greed,12.61435,4,0.5,324.74,18.175
0xa0feb3725a9335f49874d7cd8eaad6be45b27416,2024-12-14,Extreme Greed,5.964366,5,0.4,465.14,23.526
0xa0feb3725a9335f49874d7cd8eaad6be45b27416,2024-12-15,Extreme Greed,99.04066,5,0.2,1630.74,70.55199999999999
0xa0feb3725a9335f49874d7cd8eaad6be45b27416,2024-12-16,Extreme Greed,0.0,1,0.0,2132.83,80.67
0xa0feb3725a9335f49874d7cd8eaad6be45b27416,2024-12-18,Extreme Greed,16.941713,2,0.5,1233.16,46.35
0xa0feb3725a9335f49874d7cd8eaad6be45b27416,2024-12-19,Extreme Greed,9.676,2,0.5,687.46,27.490000000000002
0xa0feb3725a9335f49874d7cd8eaad6be45b27416,2024-12-20,Greed,457.007468,2,1.0,4295.46,164.22
0xa0feb3725a9335f49874d7cd8eaad6be45b27416,2024-12-21,Greed,0.0,2,0.0,442.71500000000003,13.68
0xa0feb3725a9335f49874d7cd8eaad6be45b27416,2024-12-22,Greed,0.0,2,0.0,303.985,9.865
0xa0feb3725a9335f49874d7cd8eaad6be45b27416,2025-01-18,Extreme Greed,0.0,1,0.0,649.99,33.05
0xa0feb3725a9335f49874d7cd8eaad6be45b27416,2025-02-04,Greed,3.46,3,0.3333333333333333,278.2633333333333,10.42673
0xa0feb3725a9335f49874d7cd8eaad6be45b27416,2025-02-06,Neutral,10.885952,6,0.3333333333333333,721.5066666666667,1511.631666666667
0xa0feb3725a9335f49874d7cd8eaad6be45b27416,2025-02-07,Fear,0.0,2,0.0,420.255,176.865
0xa0feb3725a9335f49874d7cd8eaad6be45b27416,2025-02-08,Fear,0.0,1,0.0,2139.09,0.02203
0xa0feb3725a9335f49874d7cd8eaad6be45b27416,2025-02-09,Neutral,0.0,1,0.0,421.11,313.0
0xa0feb3725a9335f49874d7cd8eaad6be45b27416,2025-02-10,Fear,6.9795,2,0.5,544.465,0.005569999999999999
0xa0feb3725a9335f49874d7cd8eaad6be45b27416,2025-02-11,Neutral,0.0,1,0.0,690.14,513.0
0xa0feb3725a9335f49874d7cd8eaad6be45b27416,2025-02-12,Neutral,0.0,1,0.0,764.67,0.00801
0xa0feb3725a9335f49874d7cd8eaad6be45b27416,2025-02-13,Neutral,0.0,1,0.0,14.53,0.00015
0xa0feb3725a9335f49874d7cd8eaad6be45b27416,2025-02-14,Neutral,0.0,3,0.0,318.7366666666667,0.0032966666666666665
0xa0feb3725a9335f49874d7cd8eaad6be45b27416,2025-02-15,Neutral,0.0,1,0.0,29.3,1.08
0xa0feb3725a9335f49874d7cd8eaad6be45b27416,2025-02-17,Neutral,1.75968,1,1.0,742.28,28.2
0xa0feb3725a9335f49874d7cd8eaad6be45b27416,2025-02-18,Neutral,42.705261,5,0.4,621.268,25.330124
0xa0feb3725a9335f49874d7cd8eaad6be45b27416,2025-02-19,Fear,0.0,1,0.0,376.14,0.00392
0xa0feb3725a9335f49874d7cd8eaad6be45b27416,2025-02-20,Neutral,11.04721,6,0.5,756.6916666666666,27.071033333333332
0xa0feb3725a9335f49874d7cd8eaad6be45b27416,2025-02-21,Greed,50.770694000000006,5,0.6,1770.916,174.92400000000004
0xa0feb3725a9335f49874d7cd8eaad6be45b27416,2025-02-25,Fear,0.0,1,0.0,448.87,21.34
0xa0feb3725a9335f49874d7cd8eaad6be45b27416,2025-02-28,Extreme Fear,0.0,1,0.0,99.05,12.0
0xa0feb3725a9335f49874d7cd8eaad6be45b27416,2025-03-03,Fear,15.109175,2,0.5,1476.4199999999998,1257.5
0xa0feb3725a9335f49874d7cd8eaad6be45b27416,2025-04-16,Fear,0.0,1,0.0,780.79,190.8
0xa0feb3725a9335f49874d7cd8eaad6be45b27416,2025-04-17,Fear,10.21312,1,1.0,997.57,252.8
0xa0feb3725a9335f49874d7cd8eaad6be45b27416,2025-04-23,Greed,3.410786,2,0.5,200.13500000000002,8.16515
0xa0feb3725a9335f49874d7cd8eaad6be45b27416,2025-04-25,Greed,108.467372,1,1.0,4931.94,2.7664
0xa0feb3725a9335f49874d7cd8eaad6be45b27416,2025-04-28,Neutral,8.206924,1,1.0,1313.66,0.01395
0xa0feb3725a9335f49874d7cd8eaad6be45b27416,2025-04-29,Greed,5.013997,2,0.5,4839.285,259.59000000000003
0xa0feb3725a9335f49874d7cd8eaad6be45b27416,2025-04-30,Greed,0.0,1,0.0,1200.1,0.01291
0xa0feb3725a9335f49874d7cd8eaad6be45b27416,2025-05-01,Neutral,0.0,1,0.0,118.46,6.28
0xae5eacaf9c6b9111fd53034a602c192a04e082ed,2024-12-02,Extreme Greed,0.0,42,0.0,1834.7104761904761,234.5257142857143
0xae5eacaf9c6b9111fd53034a602c192a04e082ed,2024-12-03,Extreme Greed,18887.337556,128,0.7109375,4028.472421875,86.57062499999999
0xae5eacaf9c6b9111fd53034a602c192a04e082ed,2024-12-04,Extreme Greed,0.0,1,0.0,0.1,0.00860239
0xae5eacaf9c6b9111fd53034a602c192a04e082ed,2025-03-04,Extreme Fear,0.0,17,0.0,8563.199999999999,14024.905882352941
0xae5eacaf9c6b9111fd53034a602c192a04e082ed,2025-03-05,Extreme Fear,0.0,7,0.0,4338.838571428571,6885.771428571427
0xae5eacaf9c6b9111fd53034a602c192a04e082ed,2025-03-11,Extreme Fear,0.0,3,0.0,2176.5766666666664,3936.866666666667
0xae5eacaf9c6b9111fd53034a602c192a04e082ed,2025-03-18,Fear,0.0,26,0.0,2663.9780769230765,4271.015384615384
0xae5eacaf9c6b9111fd53034a602c192a04e082ed,2025-04-08,Extreme Fear,0.0,22,0.0,2849.5581818181818,11391.936363636363
0xae5eacaf9c6b9111fd53034a602c192a04e082ed,2025-04-09,Extreme Fear,483.43915400000003,9,0.4444444444444444,955.9544444444444,74.59555555555556
0xae5eacaf9c6b9111fd53034a602c192a04e082ed,2025-04-10,Fear,2423.020865,12,1.0,1696.8966666666668,21544.583333333332
0xae5eacaf9c6b9111fd53034a602c192a04e082ed,2025-04-12,Fear,2285.521176,32,0.625,1868.7346875,21717.5625
0xae5eacaf9c6b9111fd53034a602c192a04e082ed,2025-04-21,Fear,0.0,17,0.0,2823.0629411764708,33127.64705882353
0xae5eacaf9c6b9111fd53034a602c192a04e082ed,2025-04-23,Greed,12512.688608,13,1.0,2714.090769230769,20554.30769230769
0xae5eacaf9c6b9111fd53034a602c192a04e082ed,2025-04-24,Greed,751.717035,49,0.1836734693877551,2316.3875510204084,12991.891224489797
0xae5eacaf9c6b9111fd53034a602c192a04e082ed,2025-04-25,Greed,2790.033258,29,0.5517241379310345,1700.7486206896551,14416.48275862069
0xaf40fdc468c30116bd3307bcbf4a451a7ebf1deb,2025-03-16,Fear,-133.645465,2,0.0,5001.365,0.060325
0xaf40fdc468c30116bd3307bcbf4a451a7ebf1deb,2025-03-19,Fear,334.54776,1,1.0,21046.96,0.25041
0xaf40fdc468c30116bd3307bcbf4a451a7ebf1deb,2025-04-05,Fear,0.0,1,0.0,2478.0,0.03
0xb1231a4a2dd02f2276fa3c5e2a2f3436e6bfed23,2023-12-17,Greed,-10.436018,1,0.0,8380.22,9845.3
0xb1231a4a2dd02f2276fa3c5e2a2f3436e6bfed23,2023-12-30,Greed,55.639576,2,0.5,4448.3150000000005,13722.5
0xb1231a4a2dd02f2276fa3c5e2a2f3436e6bfed23,2024-01-02,Greed,35.112325,1,1.0,272.58,3175.0
0xb1231a4a2dd02f2276fa3c5e2a2f3436e6bfed23,2024-01-03,Greed,11.79655,2,0.5,1164.325,65.57275
0xb1231a4a2dd02f2276fa3c5e2a2f3436e6bfed23,2024-01-06,Greed,-117.96846,2,0.5,24270.565,0.90996
0xb1231a4a2dd02f2276fa3c5e2a2f3436e6bfed23,2024-01-07,Greed,-0.470701,2,0.0,711.49,5.10565
0xb1231a4a2dd02f2276fa3c5e2a2f3436e6bfed23,2024-01-09,Extreme Greed,0.0,1,0.0,6884.82,15059.0
0xb1231a4a2dd02f2276fa3c5e2a2f3436e6bfed23,2024-01-10,Greed,0.65786,2,0.5,2625.4849999999997,1.099445
0xb1231a4a2dd02f2276fa3c5e2a2f3436e6bfed23,2024-01-17,Greed,0.0,2,0.0,25372.4,25.264850000000003
0xb1231a4a2dd02f2276fa3c5e2a2f3436e6bfed23,2024-01-18,Greed,222.31716,1,1.0,92867.54,2.17958
0xb1231a4a2dd02f2276fa3c5e2a2f3436e6bfed23,2024-01-20,Neutral,0.0,1,0.0,6651.03,69.05
0xb1231a4a2dd02f2276fa3c5e2a2f3436e6bfed23,2024-01-24,Neutral,0.14928,3,0.3333333333333333,1250.0533333333333,0.031203333333333336
0xb1231a4a2dd02f2276fa3c5e2a2f3436e6bfed23,2024-01-25,Neutral,-959.90329,1,0.0,20612.78,234.38
0xb1231a4a2dd02f2276fa3c5e2a2f3436e6bfed23,2024-01-31,Greed,-3.7293380000000003,8,0.125,11635.338749999999,3.0963887499999996
0xb1231a4a2dd02f2276fa3c5e2a2f3436e6bfed23,2024-02-05,Greed,14.501782,1,1.0,1906.02,0.8282
0xb1231a4a2dd02f2276fa3c5e2a2f3436e6bfed23,2024-02-06,Greed,-22.968281,8,0.25,14176.395,0.4876975
0xb1231a4a2dd02f2276fa3c5e2a2f3436e6bfed23,2024-02-14,Greed,0.0,1,0.0,18252.62,0.3675
0xb1231a4a2dd02f2276fa3c5e2a2f3436e6bfed23,2024-03-04,Extreme Greed,360.646005,1,1.0,860.57,15711.0
0xb1231a4a2dd02f2276fa3c5e2a2f3436e6bfed23,2024-03-15,Extreme Greed,1.224,1,1.0,502.97,3.06
0xb1231a4a2dd02f2276fa3c5e2a2f3436e6bfed23,2024-06-07,Extreme Greed,0.0,1,0.0,94.73,51.0
0xb1231a4a2dd02f2276fa3c5e2a2f3436e6bfed23,2024-06-09,Extreme Greed,0.0,1,0.0,70.47,24.0
0xb1231a4a2dd02f2276fa3c5e2a2f3436e6bfed23,2024-06-12,Greed,0.0,1,0.0,115.1,50.0
0xb1231a4a2dd02f2276fa3c5e2a2f3436e6bfed23,2024-06-17,Greed,636.463443,1,1.0,6589.82,1808.7
0xb1231a4a2dd02f2276fa3c5e2a2f3436e6bfed23,2024-06-21,Greed,0.0,1,0.0,24.99,10.0
0xb1231a4a2dd02f2276fa3c5e2a2f3436e6bfed23,2024-06-26,Neutral,0.0,1,0.0,155.54,50.0
0xb1231a4a2dd02f2276fa3c5e2a2f3436e6bfed23,2024-07-06,Fear,0.0,2,0.0,59.325,69420.0
0xb1231a4a2dd02f2276fa3c5e2a2f3436e6bfed23,2024-08-04,Fear,0.0,1,0.0,736.15,0.2698
0xb1231a4a2dd02f2276fa3c5e2a2f3436e6bfed23,2024-08-06,Extreme Fear,0.0,1,0.0,240.0,60.0
0xb1231a4a2dd02f2276fa3c5e2a2f3436e6bfed23,2024-08-10,Fear,0.0,1,0.0,91.0,26.0
0xb1231a4a2dd02f2276fa3c5e2a2f3436e6bfed23,2024-12-08,Extreme Greed,0.0,2,0.0,5865.610000000001,12864.0
0xb1231a4a2dd02f2276fa3c5e2a2f3436e6bfed23,2024-12-11,Greed,25303.88185,2,1.0,12651.949999999999,807.7
0xb1231a4a2dd02f2276fa3c5e2a2f3436e6bfed23,2024-12-12,Extreme Greed,189.403096,3,1.0,63.13333333333333,3.51
0xb1231a4a2dd02f2276fa3c5e2a2f3436e6bfed23,2024-12-14,Extreme Greed,2894.79872,2,1.0,1447.4,64.0
0xb1231a4a2dd02f2276fa3c5e2a2f3436e6bfed23,2024-12-17,Extreme Greed,0.0,1,0.0,11041.6,400.0
0xb1231a4a2dd02f2276fa3c5e2a2f3436e6bfed23,2024-12-26,Extreme Greed,52.94325,1,1.0,576.91,21.9
0xb1231a4a2dd02f2276fa3c5e2a2f3436e6bfed23,2025-01-06,Extreme Greed,8.380591,1,1.0,286.97,1000.0
0xb1231a4a2dd02f2276fa3c5e2a2f3436e6bfed23,2025-01-23,Extreme Greed,66.127925,1,1.0,595.27,26.05
0xb1231a4a2dd02f2276fa3c5e2a2f3436e6bfed23,2025-01-30,Greed,0.0,7,0.0,937.2442857142858,36.21857142857143
0xb1231a4a2dd02f2276fa3c5e2a2f3436e6bfed23,2025-02-03,Fear,14.580893,2,0.5,1849.1999999999998,75.36000000000001
0xb1231a4a2dd02f2276fa3c5e2a2f3436e6bfed23,2025-02-04,Greed,273.102913,7,0.14285714285714285,2271.1642857142856,88.82857142857142
0xb1231a4a2dd02f2276fa3c5e2a2f3436e6bfed23,2025-02-05,Neutral,0.0,1,0.0,1338.6,50.0
0xb1231a4a2dd02f2276fa3c5e2a2f3436e6bfed23,2025-02-06,Neutral,164.03987,5,0.8,572.37,23.066
0xb1231a4a2dd02f2276fa3c5e2a2f3436e6bfed23,2025-02-09,Neutral,0.0,1,0.0,88.79,11906.0
0xb1231a4a2dd02f2276fa3c5e2a2f3436e6bfed23,2025-02-12,Neutral,0.0,1,0.0,127.63,1000.0
0xb1231a4a2dd02f2276fa3c5e2a2f3436e6bfed23,2025-02-14,Neutral,0.0,2,0.0,102.435,3.855
0xb1231a4a2dd02f2276fa3c5e2a2f3436e6bfed23,2025-02-18,Neutral,735.977164,3,1.0,3001.786666666667,127.58
0xb1231a4a2dd02f2276fa3c5e2a2f3436e6bfed23,2025-02-21,Greed,232.69618,3,0.6666666666666666,5292.503333333333,14392.21
0xb1231a4a2dd02f2276fa3c5e2a2f3436e6bfed23,2025-02-24,Neutral,89.9197,3,0.3333333333333333,584.4266666666666,76.12666666666667
0xb1231a4a2dd02f2276fa3c5e2a2f3436e6bfed23,2025-02-27,Extreme Fear,0.0,1,0.0,4035.59,43000.0
0xb1231a4a2dd02f2276fa3c5e2a2f3436e6bfed23,2025-03-05,Extreme Fear,256.014967,2,1.0,3593.355,205.185
0xb1231a4a2dd02f2276fa3c5e2a2f3436e6bfed23,2025-03-06,Fear,26.332796,1,1.0,1975.89,116.62
0xb1231a4a2dd02f2276fa3c5e2a2f3436e6bfed23,2025-03-09,Fear,44.971089,2,1.0,1032.4,66.435
0xb1231a4a2dd02f2276fa3c5e2a2f3436e6bfed23,2025-03-10,Extreme Fear,0.0,1,0.0,1979.76,144.73
0xb1231a4a2dd02f2276fa3c5e2a2f3436e6bfed23,2025-03-12,Fear,0.0,1,0.0,500.88,38.09
0xb1231a4a2dd02f2276fa3c5e2a2f3436e6bfed23,2025-03-13,Neutral,0.0,2,0.0,177.92499999999998,14.475
0xb1231a4a2dd02f2276fa3c5e2a2f3436e6bfed23,2025-03-14,Fear,24.730836,2,1.0,259.875,19.02
0xb1231a4a2dd02f2276fa3c5e2a2f3436e6bfed23,2025-03-24,Neutral,0.0,1,0.0,499.93,30.06
0xb1231a4a2dd02f2276fa3c5e2a2f3436e6bfed23,2025-03-26,Neutral,8.935857,1,1.0,248.68,15.33
0xb1231a4a2dd02f2276fa3c5e2a2f3436e6bfed23,2025-04-15,Fear,0.0,2,0.0,450.8,27.985
0xb1231a4a2dd02f2276fa3c5e2a2f3436e6bfed23,2025-04-19,Fear,0.0,4,0.0,2602.5325,147.86999999999998
0xb1231a4a2dd02f2276fa3c5e2a2f3436e6bfed23,2025-04-22,Neutral,0.0,2,0.0,586.9449999999999,32.43
0xb1231a4a2dd02f2276fa3c5e2a2f3436e6bfed23,2025-05-01,Neutral,242.588983,1,1.0,381.69,2.59
0xb899e522b5715391ae1d4f137653e7906c5e2115,2025-03-05,Extreme Fear,1.795752,2,0.5,2979.6,20.975
0xb899e522b5715391ae1d4f137653e7906c5e2115,2025-03-06,Fear,85.58416,1,1.0,39625.76,267.2
0xb899e522b5715391ae1d4f137653e7906c5e2115,2025-03-10,Extreme Fear,0.0,1,0.0,82736.95,652.86
0xb899e522b5715391ae1d4f137653e7906c5e2115,2025-03-11,Extreme Fear,-217.272,1,0.0,6955.8,60.0
0xb899e522b5715391ae1d4f137653e7906c5e2115,2025-03-13,Neutral,66.016836,1,1.0,9619.2,0.11588
0xb899e522b5715391ae1d4f137653e7906c5e2115,2025-03-25,Neutral,0.0,1,0.0,202251.56,2.31425
0xb899e522b5715391ae1d4f137653e7906c5e2115,2025-03-26,Neutral,-3.326588,2,0.0,1030.625,7.165
0xb899e522b5715391ae1d4f137653e7906c5e2115,2025-04-07,Extreme Fear,-7.8e-05,1,0.0,20.05,0.00026
0xb899e522b5715391ae1d4f137653e7906c5e2115,2025-04-08,Extreme Fear,-0.3055,1,0.0,1005.9,0.013
0xb899e522b5715391ae1d4f137653e7906c5e2115,2025-04-09,Extreme Fear,1.874642,1,1.0,2719.61,0.03619
0xb899e522b5715391ae1d4f137653e7906c5e2115,2025-04-10,Fear,0.0,1,0.0,249999.93,3.02832
0xb899e522b5715391ae1d4f137653e7906c5e2115,2025-04-15,Fear,2.83416,1,1.0,2458.52,0.02892
0xbaaaf6571ab7d571043ff1e313a9609a10637864,2025-02-20,Neutral,288.702225,1,1.0,5012.79,209.25
0xbaaaf6571ab7d571043ff1e313a9609a10637864,2025-02-24,Neutral,31.954328,27,0.37037037037037035,1390.0285185185185,63.324444444444445
0xbaaaf6571ab7d571043ff1e313a9609a10637864,2025-02-25,Fear,0.50332,16,0.1875,1951.24375,96.66625
0xbaaaf6571ab7d571043ff1e313a9609a10637864,2025-02-26,Extreme Fear,15.790948,4,1.0,626.4625,31.385
0xbaaaf6571ab7d571043ff1e313a9609a10637864,2025-03-04,Extreme Fear,0.0,1,0.0,1076.07,63.22
0xbaaaf6571ab7d571043ff1e313a9609a10637864,2025-03-05,Extreme Fear,581.233635,7,1.0,1480.4642857142858,84.10714285714286
0xbaaaf6571ab7d571043ff1e313a9609a10637864,2025-03-07,Fear,80.178714,3,0.3333333333333333,6380.54,417.45666666666665
0xbaaaf6571ab7d571043ff1e313a9609a10637864,2025-03-10,Extreme Fear,0.0,3,0.0,4680.05,335.67333333333335
0xbaaaf6571ab7d571043ff1e313a9609a10637864,2025-03-11,Extreme Fear,0.0,5,0.0,2105.014,160.882
0xbaaaf6571ab7d571043ff1e313a9609a10637864,2025-03-12,Fear,107.67267,8,0.375,1215.2325,89.77125
0xbaaaf6571ab7d571043ff1e313a9609a10637864,2025-03-14,Fear,29.024661000000002,13,1.0,422.0253846153846,32.63769230769231
0xbaaaf6571ab7d571043ff1e313a9609a10637864,2025-03-27,Fear,0.0,1,0.0,100.48,7.3
0xbaaaf6571ab7d571043ff1e313a9609a10637864,2025-03-29,Fear,0.56755,6,0.5,224.99833333333333,17.541666666666668
0xbaaaf6571ab7d571043ff1e313a9609a10637864,2025-03-30,Fear,0.0,3,0.0,1625.1200000000001,131.49
0xbaaaf6571ab7d571043ff1e313a9609a10637864,2025-04-02,Fear,63.275259000000005,3,1.0,332.5,24.52333333333333
0xbaaaf6571ab7d571043ff1e313a9609a10637864,2025-04-03,Fear,4.944752,1,1.0,3110.97,248.48
0xbaaaf6571ab7d571043ff1e313a9609a10637864,2025-04-04,Fear,25.87,1,1.0,584.6,50.0
0xbaaaf6571ab7d571043ff1e313a9609a10637864,2025-04-06,Fear,0.0,2,0.0,269.28000000000003,24.175
0xbd5fead7180a9c139fa51a103cb6a2ce86ddb5c3,2024-12-15,Extreme Greed,0.0,1,0.0,269.23,237.0
0xbd5fead7180a9c139fa51a103cb6a2ce86ddb5c3,2024-12-23,Greed,0.0,1,0.0,4055.88,3787.0
0xbd5fead7180a9c139fa51a103cb6a2ce86ddb5c3,2025-01-27,Greed,38.167276,1,1.0,99.1,133.0
0xbd5fead7180a9c139fa51a103cb6a2ce86ddb5c3,2025-01-31,Extreme Greed,0.0,1,0.0,169.62,212.0
0xbd5fead7180a9c139fa51a103cb6a2ce86ddb5c3,2025-02-22,Neutral,0.0,1,0.0,509.92,20.83
0xbd5fead7180a9c139fa51a103cb6a2ce86ddb5c3,2025-02-28,Extreme Fear,38.9172,1,1.0,410.41,410.0
0xbd5fead7180a9c139fa51a103cb6a2ce86ddb5c3,2025-03-02,Fear,0.0,1,0.0,53.37,0.00061
0xbd5fead7180a9c139fa51a103cb6a2ce86ddb5c3,2025-03-03,Fear,8859.81591,2,0.5,44448.585,263.52505499999995
0xbd5fead7180a9c139fa51a103cb6a2ce86ddb5c3,2025-03-07,Fear,21.458208,2,0.5,1038.49,2998.5
0xbee1707d6b44d4d52bfe19e41f8a828645437aab,2024-12-08,Extreme Greed,14.129884,1,1.0,203.78,14.3
0xbee1707d6b44d4d52bfe19e41f8a828645437aab,2024-12-09,Extreme Greed,0.0,1,0.0,12.35,0.91
0xbee1707d6b44d4d52bfe19e41f8a828645437aab,2024-12-10,Extreme Greed,221.627428,5,0.6,1354.62,97.922
0xbee1707d6b44d4d52bfe19e41f8a828645437aab,2024-12-11,Greed,17.814234,1,1.0,499.47,35.6
0xbee1707d6b44d4d52bfe19e41f8a828645437aab,2024-12-12,Extreme Greed,642.9413969999999,5,0.8,1297.714,73.71600000000001
0xbee1707d6b44d4d52bfe19e41f8a828645437aab,2024-12-13,Extreme Greed,0.0,1,0.0,63.37,3.56
0xbee1707d6b44d4d52bfe19e41f8a828645437aab,2024-12-16,Extreme Greed,0.0,1,0.0,273.0,10.5
0xbee1707d6b44d4d52bfe19e41f8a828645437aab,2024-12-18,Extreme Greed,-8.374743,2,0.0,1386.8700000000001,53.31
0xbee1707d6b44d4d52bfe19e41f8a828645437aab,2024-12-19,Extreme Greed,51.645235,5,0.8,1213.636,47.738
0xbee1707d6b44d4d52bfe19e41f8a828645437aab,2024-12-20,Greed,478.214254,4,0.25,3066.8549999999996,102.34
0xbee1707d6b44d4d52bfe19e41f8a828645437aab,2024-12-21,Greed,19.635,1,1.0,859.35,0.255
0xbee1707d6b44d4d52bfe19e41f8a828645437aab,2024-12-22,Greed,19.334857,1,1.0,221.04,6.37
0xbee1707d6b44d4d52bfe19e41f8a828645437aab,2024-12-23,Greed,0.0,2,0.0,1476.26,55.5
0xbee1707d6b44d4d52bfe19e41f8a828645437aab,2024-12-26,Extreme Greed,0.462296,1,1.0,86.21,3.28
0xbee1707d6b44d4d52bfe19e41f8a828645437aab,2025-01-19,Extreme Greed,43.442473,1,1.0,1431.44,62.7
0xbee1707d6b44d4d52bfe19e41f8a828645437aab,2025-01-27,Greed,-1.977415,2,0.0,983.255,46.315
0xbee1707d6b44d4d52bfe19e41f8a828645437aab,2025-01-28,Greed,236.73083300000002,2,1.0,1712.935,72.115
0xbee1707d6b44d4d52bfe19e41f8a828645437aab,2025-01-30,Greed,3.087799,2,0.5,2295.6800000000003,86.12
0xbee1707d6b44d4d52bfe19e41f8a828645437aab,2025-01-31,Extreme Greed,0.0,1,0.0,2022.74,72.96
0xbee1707d6b44d4d52bfe19e41f8a828645437aab,2025-02-01,Greed,0.0,1,0.0,3749.92,139.19
0xbee1707d6b44d4d52bfe19e41f8a828645437aab,2025-02-02,Greed,0.0,1,0.0,107.86,4.76
0xbee1707d6b44d4d52bfe19e41f8a828645437aab,2025-02-07,Fear,211.405221,1,1.0,4552.72,182.84
0xbee1707d6b44d4d52bfe19e41f8a828645437aab,2025-02-14,Neutral,0.0,1,0.0,33.18,1.26
0xbee1707d6b44d4d52bfe19e41f8a828645437aab,2025-02-17,Neutral,5.011218,2,0.5,945.775,37.14
0xbee1707d6b44d4d52bfe19e41f8a828645437aab,2025-02-19,Fear,23.553574,1,1.0,1977.78,85.33
0xbee1707d6b44d4d52bfe19e41f8a828645437aab,2025-02-24,Neutral,18.643737,4,0.5,2115.495,96.25750000000001
0xbee1707d6b44d4d52bfe19e41f8a828645437aab,2025-02-25,Fear,0.0,3,0.0,1224.4666666666667,63.88666666666666
0xbee1707d6b44d4d52bfe19e41f8a828645437aab,2025-02-27,Extreme Fear,0.0,1,0.0,7715.5,372.19
0xbee1707d6b44d4d52bfe19e41f8a828645437aab,2025-02-28,Extreme Fear,13.790759999999999,2,1.0,250.525,12.5
0xbee1707d6b44d4d52bfe19e41f8a828645437aab,2025-03-04,Extreme Fear,0.0,1,0.0,1970.54,120.06
0xbee1707d6b44d4d52bfe19e41f8a828645437aab,2025-03-08,Fear,19.615774,1,1.0,999.72,63.64
0xbee1707d6b44d4d52bfe19e41f8a828645437aab,2025-03-10,Extreme Fear,18.999507,5,0.4,479.10200000000003,33.038
0xbee1707d6b44d4d52bfe19e41f8a828645437aab,2025-03-11,Extreme Fear,1.379788,1,1.0,499.91,35.02
0xbee1707d6b44d4d52bfe19e41f8a828645437aab,2025-03-12,Fear,11.473965,2,1.0,421.67499999999995,31.825
0xbee1707d6b44d4d52bfe19e41f8a828645437aab,2025-03-13,Neutral,31.95243,4,0.75,2038.0575,163.57
0xbee1707d6b44d4d52bfe19e41f8a828645437aab,2025-03-14,Fear,0.0,1,0.0,7385.92,538.45
0xbee1707d6b44d4d52bfe19e41f8a828645437aab,2025-03-19,Fear,0.985205,2,0.5,72.59,4.795
0xbee1707d6b44d4d52bfe19e41f8a828645437aab,2025-03-21,Fear,5.463948,4,0.5,232.38,16.5
0xbee1707d6b44d4d52bfe19e41f8a828645437aab,2025-03-22,Fear,0.0,1,0.0,2630.34,166.9
0xbee1707d6b44d4d52bfe19e41f8a828645437aab,2025-03-24,Neutral,427.792683,1,1.0,23220.68,1371.57
0xbee1707d6b44d4d52bfe19e41f8a828645437aab,2025-03-26,Neutral,-77.66178,6,0.0,2899.088333333333,184.80333333333337
0xbee1707d6b44d4d52bfe19e41f8a828645437aab,2025-03-28,Fear,1.159323,1,1.0,112.3,8.17
0xbee1707d6b44d4d52bfe19e41f8a828645437aab,2025-03-29,Fear,0.0,1,0.0,62.49,4.76
0xbee1707d6b44d4d52bfe19e41f8a828645437aab,2025-04-02,Fear,6.0075,1,1.0,204.78,15.0
0xbee1707d6b44d4d52bfe19e41f8a828645437aab,2025-04-03,Fear,0.0,1,0.0,498.37,40.79
0xbee1707d6b44d4d52bfe19e41f8a828645437aab,2025-04-04,Fear,-45.645249,1,0.0,955.79,85.43
0xbee1707d6b44d4d52bfe19e41f8a828645437aab,2025-04-10,Fear,0.0,1,0.0,2119.8,151.75
0xbee1707d6b44d4d52bfe19e41f8a828645437aab,2025-04-14,Fear,0.0,1,0.0,4930.28,321.4
0xbee1707d6b44d4d52bfe19e41f8a828645437aab,2025-04-16,Fear,-26.04066,2,0.5,1962.335,127.555
0xbee1707d6b44d4d52bfe19e41f8a828645437aab,2025-04-17,Fear,0.0,1,0.0,688.43,41.29
0xbee1707d6b44d4d52bfe19e41f8a828645437aab,2025-04-19,Fear,0.0,1,0.0,5035.56,293.55
0xbee1707d6b44d4d52bfe19e41f8a828645437aab,2025-04-22,Neutral,5.680387,3,0.6666666666666666,650.1999999999999,35.526666666666664
0xbee1707d6b44d4d52bfe19e41f8a828645437aab,2025-04-23,Greed,-2.992381,1,0.0,3267.4,172.97
0xbee1707d6b44d4d52bfe19e41f8a828645437aab,2025-04-28,Neutral,0.0,1,0.0,4999.2,287.79
0xbee1707d6b44d4d52bfe19e41f8a828645437aab,2025-04-29,Greed,0.403648,2,0.5,159.69,8.47
